,round,tube,sp,ancestor,mutant
0,0,0,3,"(0.15978083447096003, 0.0, 0.0, 0.0, 0.0, 0.1610216772562336, 0.06112273872331793, 0.0, 0.26164733843979077, 0.011342770631760854)","(0.15978083447096003, 0.0, 0.0, 0.0, 0.0, 0.1610216772562336, 0.05266564020567302, 0.0, 0.26164733843979077, 0.011342770631760854)"
1,0,2,5,"(0.1792078360399821, 0.13151103531888653, 0.15112437981031296, 0.16344142439650497, 0.0, 0.0, 0.0, 0.013026841387469198, 0.0, 0.0)","(0.1792078360399821, 0.13151103531888653, 0.15112437981031296, 0.16344142439650497, 0.0, 0.0, 0.0, 0.018603411490798187, 0.0, 0.0)"
2,0,0,4,"(0.10724196544958095, 0.0883180702870557, 0.0, 0.0, 0.26258359679082327, 0.0, 0.006977264034027059, 0.1086012402169001, 0.024623093408164966, 0.0)","(0.2675111116201886, 0.0883180702870557, 0.0, 0.0, 0.26258359679082327, 0.0, 0.006977264034027059, 0.1086012402169001, 0.024623093408164966, 0.0)"
3,0,10,4,"(0.10724196544958095, 0.0883180702870557, 0.0, 0.0, 0.26258359679082327, 0.0, 0.006977264034027059, 0.1086012402169001, 0.024623093408164966, 0.0)","(0.10724196544958095, 0.0883180702870557, 0.0, 0.0, 0.23502481248081988, 0.0, 0.006977264034027059, 0.1086012402169001, 0.024623093408164966, 0.0)"
4,0,0,3,"(0.15978083447096003, 0.0, 0.0, 0.0, 0.0, 0.1610216772562336, 0.06112273872331793, 0.0, 0.26164733843979077, 0.011342770631760854)","(0.15978083447096003, 0.0, 0.0, 0.0, 0.0, 0.08866332341038277, 0.06112273872331793, 0.0, 0.26164733843979077, 0.011342770631760854)"
5,0,2,8,"(0.0, 0.0, 0.016361534780228625, 0.0033097906454404528, 0.0, 0.006935454618720939, 0.02773054755533034, 0.017443176133622482, 0.011466327601190322, 0.013538136313320443)","(0.0, 0.0, 0.016361534780228625, 0.0025715516358774918, 0.0, 0.006935454618720939, 0.02773054755533034, 0.02460206233077373, 0.011466327601190322, 0.013538136313320443)"
6,0,2,13,"(0.0, 0.0, 0.04198794063234867, 0.0, 0.10087429390457471, 0.012272649458557041, 0.02271982369941325, 0.0, 0.11811188615698948, 0.022854187839533902)","(0.0, 0.0, 0.04198794063234867, 0.0, 0.10087429390457471, 0.012272649458557041, 0.019161426686134197, 0.0, 0.11811188615698948, 0.022854187839533902)"
7,0,2,8,"(0.0, 0.0, 0.016361534780228625, 0.0033097906454404528, 0.0, 0.006935454618720939, 0.02773054755533034, 0.017443176133622482, 0.011466327601190322, 0.013538136313320443)","(0.0, 0.0, 0.016361534780228625, 0.002379768503376301, 0.0, 0.006935454618720939, 0.02201468567194245, 0.017443176133622482, 0.011466327601190322, 0.013538136313320443)"
8,0,2,8,"(0.0, 0.0, 0.016361534780228625, 0.0033097906454404528, 0.0, 0.006935454618720939, 0.02773054755533034, 0.017443176133622482, 0.011466327601190322, 0.013538136313320443)","(0.0, 0.0, 0.016361534780228625, 0.004511515412394902, 0.0, 0.006935454618720939, 0.02773054755533034, 0.017443176133622482, 0.011466327601190322, 0.013538136313320443)"
9,0,15,3,"(0.15978083447096003, 0.0, 0.0, 0.0, 0.0, 0.1610216772562336, 0.06112273872331793, 0.0, 0.26164733843979077, 0.011342770631760854)","(0.15978083447096003, 0.0, 0.0, 0.0, 0.0, 0.1610216772562336, 0.06490361320448226, 0.0, 0.22192436090970932, 0.011342770631760854)"
10,0,17,4,"(0.10724196544958095, 0.0883180702870557, 0.0, 0.0, 0.26258359679082327, 0.0, 0.006977264034027059, 0.1086012402169001, 0.024623093408164966, 0.0)","(0.10724196544958095, 0.07319914169057065, 0.0, 0.0, 0.3920874609124838, 0.0, 0.006977264034027059, 0.1086012402169001, 0.024623093408164966, 0.0)"
11,0,2,8,"(0.0, 0.0, 0.016361534780228625, 0.0033097906454404528, 0.0, 0.006935454618720939, 0.02773054755533034, 0.017443176133622482, 0.011466327601190322, 0.013538136313320443)","(0.0, 0.0, 0.016361534780228625, 0.0033097906454404528, 0.0, 0.006935454618720939, 0.02773054755533034, 0.017443176133622482, 0.010288028734225591, 0.013538136313320443)"
12,0,2,3,"(0.15978083447096003, 0.0, 0.0, 0.0, 0.0, 0.1610216772562336, 0.06112273872331793, 0.0, 0.26164733843979077, 0.011342770631760854)","(0.15978083447096003, 0.0, 0.0, 0.0, 0.0, 0.1610216772562336, 0.07372117528048844, 0.0, 0.22120951361270194, 0.011342770631760854)"
13,0,3,9,"(0.1016848119491754, 0.16514218036350897, 0.0, 0.0, 0.0, 0.05964717490902346, 0.0, 0.0, 0.14534880549223067, 0.1449089225822706)","(0.1016848119491754, 0.16514218036350897, 0.0, 0.0, 0.0, 0.11574831515326207, 0.0, 0.0, 0.14534880549223067, 0.1449089225822706)"
14,0,10,9,"(0.1016848119491754, 0.16514218036350897, 0.0, 0.0, 0.0, 0.05964717490902346, 0.0, 0.0, 0.14534880549223067, 0.1449089225822706)","(0.1016848119491754, 0.0797844018796415, 0.0, 0.0, 0.0, 0.05964717490902346, 0.0, 0.0, 0.14534880549223067, 0.1449089225822706)"
15,0,2,11,"(0.11080621742429601, 0.0, 0.0, 0.0, 0.0, 0.0, 0.0, 0.0, 0.06416164919574671, 0.0)","(0.08832778433240963, 0.0, 0.0, 0.0, 0.0, 0.0, 0.0, 0.0, 0.09276035236060702, 0.0)"
16,0,2,8,"(0.0, 0.0, 0.016361534780228625, 0.0033097906454404528, 0.0, 0.006935454618720939, 0.02773054755533034, 0.017443176133622482, 0.011466327601190322, 0.013538136313320443)","(0.0, 0.0, 0.016361534780228625, 0.0033097906454404528, 0.0, 0.005971992774224429, 0.02773054755533034, 0.017443176133622482, 0.011466327601190322, 0.013538136313320443)"
17,0,9,3,"(0.15978083447096003, 0.0, 0.0, 0.0, 0.0, 0.1610216772562336, 0.06112273872331793, 0.0, 0.26164733843979077, 0.011342770631760854)","(0.15978083447096003, 0.0, 0.0, 0.0, 0.0, 0.1610216772562336, 0.06112273872331793, 0.0, 0.1445307831737131, 0.011342770631760854)"
18,0,18,5,"(0.1792078360399821, 0.13151103531888653, 0.15112437981031296, 0.16344142439650497, 0.0, 0.0, 0.0, 0.013026841387469198, 0.0, 0.0)","(0.1792078360399821, 0.13151103531888653, 0.15112437981031296, 0.16344142439650497, 0.0, 0.0, 0.0, 0.012002796298220283, 0.0, 0.0)"
19,0,19,3,"(0.15978083447096003, 0.0, 0.0, 0.0, 0.0, 0.1610216772562336, 0.06112273872331793, 0.0, 0.26164733843979077, 0.011342770631760854)","(0.15978083447096003, 0.0, 0.0, 0.0, 0.0, 0.38150396287165067, 0.06112273872331793, 0.0, 0.26164733843979077, 0.011342770631760854)"
20,0,20,12,"(0.0, 0.251157196144717, 0.0, 0.0, 0.26621277908476654, 0.04312145963383088, 0.16657775322673501, 0.0, 0.0, 0.15355808422339878)","(0.0, 0.251157196144717, 0.0, 0.0, 0.26621277908476654, 0.04312145963383088, 0.17773817269063907, 0.0, 0.0, 0.15355808422339878)"
21,0,20,5,"(0.1792078360399821, 0.13151103531888653, 0.15112437981031296, 0.16344142439650497, 0.0, 0.0, 0.0, 0.013026841387469198, 0.0, 0.0)","(0.1792078360399821, 0.05284134765987593, 0.15112437981031296, 0.16344142439650497, 0.0, 0.0, 0.0, 0.013026841387469198, 0.0, 0.0)"
22,0,20,3,"(0.15978083447096003, 0.0, 0.0, 0.0, 0.0, 0.1610216772562336, 0.06112273872331793, 0.0, 0.26164733843979077, 0.011342770631760854)","(0.15978083447096003, 0.0, 0.0, 0.0, 0.0, 0.1610216772562336, 0.06112273872331793, 0.0, 0.26164733843979077, 0.010643909028317603)"
23,0,20,3,"(0.15978083447096003, 0.0, 0.0, 0.0, 0.0, 0.1610216772562336, 0.06112273872331793, 0.0, 0.26164733843979077, 0.011342770631760854)","(0.15978083447096003, 0.0, 0.0, 0.0, 0.0, 0.1610216772562336, 0.06112273872331793, 0.0, 0.26164733843979077, 0.011642727373464846)"
24,0,2,13,"(0.0, 0.0, 0.04198794063234867, 0.0, 0.10087429390457471, 0.012272649458557041, 0.02271982369941325, 0.0, 0.11811188615698948, 0.022854187839533902)","(0.0, 0.0, 0.0489917163797541, 0.0, 0.10087429390457471, 0.012272649458557041, 0.02271982369941325, 0.0, 0.11811188615698948, 0.022854187839533902)"
25,0,2,8,"(0.0, 0.0, 0.016361534780228625, 0.0033097906454404528, 0.0, 0.006935454618720939, 0.02773054755533034, 0.017443176133622482, 0.011466327601190322, 0.013538136313320443)","(0.0, 0.0, 0.0237979832584499, 0.0033097906454404528, 0.0, 0.006935454618720939, 0.02773054755533034, 0.017443176133622482, 0.011466327601190322, 0.013538136313320443)"
26,0,6,5,"(0.1792078360399821, 0.13151103531888653, 0.15112437981031296, 0.16344142439650497, 0.0, 0.0, 0.0, 0.013026841387469198, 0.0, 0.0)","(0.154018963393945, 0.13151103531888653, 0.15112437981031296, 0.16344142439650497, 0.0, 0.0, 0.0, 0.013026841387469198, 0.0, 0.0)"
27,0,2,8,"(0.0, 0.0, 0.016361534780228625, 0.0033097906454404528, 0.0, 0.006935454618720939, 0.02773054755533034, 0.017443176133622482, 0.011466327601190322, 0.013538136313320443)","(0.0, 0.0, 0.009710960221058211, 0.0033097906454404528, 0.0, 0.006935454618720939, 0.02773054755533034, 0.017443176133622482, 0.011466327601190322, 0.013538136313320443)"
28,0,2,8,"(0.0, 0.0, 0.016361534780228625, 0.0033097906454404528, 0.0, 0.006935454618720939, 0.02773054755533034, 0.017443176133622482, 0.011466327601190322, 0.013538136313320443)","(0.0, 0.0, 0.016361534780228625, 0.0033097906454404528, 0.0, 0.005612795195551429, 0.02773054755533034, 0.022204411754386522, 0.011466327601190322, 0.013538136313320443)"
29,0,2,13,"(0.0, 0.0, 0.04198794063234867, 0.0, 0.10087429390457471, 0.012272649458557041, 0.02271982369941325, 0.0, 0.11811188615698948, 0.022854187839533902)","(0.0, 0.0, 0.0778613917515705, 0.0, 0.10087429390457471, 0.012272649458557041, 0.02271982369941325, 0.0, 0.11811188615698948, 0.022854187839533902)"
30,0,2,13,"(0.0, 0.0, 0.04198794063234867, 0.0, 0.10087429390457471, 0.012272649458557041, 0.02271982369941325, 0.0, 0.11811188615698948, 0.022854187839533902)","(0.0, 0.0, 0.04198794063234867, 0.0, 0.10087429390457471, 0.012272649458557041, 0.02271982369941325, 0.0, 0.07591740676304179, 0.022854187839533902)"
31,0,11,3,"(0.15978083447096003, 0.0, 0.0, 0.0, 0.0, 0.1610216772562336, 0.06112273872331793, 0.0, 0.26164733843979077, 0.011342770631760854)","(0.15978083447096003, 0.0, 0.0, 0.0, 0.0, 0.1610216772562336, 0.06112273872331793, 0.0, 0.26164733843979077, 0.021616481810214475)"
32,0,15,0,"(0.020994571781913038, 0.05204089954662736, 0.0221622232172199, 0.0, 0.0, 0.02913486473025094, 0.037973903473278, 0.023482661619739813, 0.0, 0.0)","(0.020994571781913038, 0.06626146734867816, 0.0221622232172199, 0.0, 0.0, 0.02913486473025094, 0.037973903473278, 0.023482661619739813, 0.0, 0.0)"
33,0,18,1,"(0.0, 0.03926162523356134, 0.044588638878710875, 0.0, 0.031488363291038005, 0.0, 0.0, 0.0, 0.0, 0.034480130811573785)","(0.0, 0.03926162523356134, 0.044588638878710875, 0.0, 0.016469469761768336, 0.0, 0.0, 0.0, 0.0, 0.034480130811573785)"
34,0,2,8,"(0.0, 0.0, 0.016361534780228625, 0.0033097906454404528, 0.0, 0.006935454618720939, 0.02773054755533034, 0.017443176133622482, 0.010288028734225591, 0.013538136313320443)","(0.0, 0.0, 0.016361534780228625, 0.0042825029541496635, 0.0, 0.006935454618720939, 0.02773054755533034, 0.017443176133622482, 0.010288028734225591, 0.013538136313320443)"
35,0,8,5,"(0.1792078360399821, 0.13151103531888653, 0.15112437981031296, 0.16344142439650497, 0.0, 0.0, 0.0, 0.013026841387469198, 0.0, 0.0)","(0.1792078360399821, 0.09317884191153032, 0.15112437981031296, 0.16344142439650497, 0.0, 0.0, 0.0, 0.013026841387469198, 0.0, 0.0)"
36,0,8,9,"(0.1016848119491754, 0.16514218036350897, 0.0, 0.0, 0.0, 0.05964717490902346, 0.0, 0.0, 0.14534880549223067, 0.1449089225822706)","(0.03348451367841497, 0.16514218036350897, 0.0, 0.0, 0.0, 0.05964717490902346, 0.0, 0.0, 0.14534880549223067, 0.1449089225822706)"
37,0,15,3,"(0.15978083447096003, 0.0, 0.0, 0.0, 0.0, 0.1610216772562336, 0.06112273872331793, 0.0, 0.26164733843979077, 0.011342770631760854)","(0.13262708094540607, 0.0, 0.0, 0.0, 0.0, 0.1610216772562336, 0.06112273872331793, 0.0, 0.26164733843979077, 0.011342770631760854)"
38,0,18,1,"(0.0, 0.03926162523356134, 0.044588638878710875, 0.0, 0.031488363291038005, 0.0, 0.0, 0.0, 0.0, 0.034480130811573785)","(0.0, 0.03926162523356134, 0.044588638878710875, 0.0, 0.031488363291038005, 0.0, 0.0, 0.0, 0.0, 0.03339720385192451)"
39,0,2,13,"(0.0, 0.0, 0.04198794063234867, 0.0, 0.10087429390457471, 0.012272649458557041, 0.02271982369941325, 0.0, 0.11811188615698948, 0.022854187839533902)","(0.0, 0.0, 0.04198794063234867, 0.0, 0.10087429390457471, 0.012272649458557041, 0.02271982369941325, 0.0, 0.14213857661378443, 0.022854187839533902)"
40,0,2,13,"(0.0, 0.0, 0.04198794063234867, 0.0, 0.10087429390457471, 0.012272649458557041, 0.02271982369941325, 0.0, 0.11811188615698948, 0.022854187839533902)","(0.0, 0.0, 0.04198794063234867, 0.0, 0.10087429390457471, 0.00816338650625796, 0.02271982369941325, 0.0, 0.11811188615698948, 0.022854187839533902)"
41,0,2,8,"(0.0, 0.0, 0.016361534780228625, 0.0033097906454404528, 0.0, 0.006935454618720939, 0.02773054755533034, 0.017443176133622482, 0.011466327601190322, 0.013538136313320443)","(0.0, 0.0, 0.016361534780228625, 0.0033097906454404528, 0.0, 0.006935454618720939, 0.02773054755533034, 0.017443176133622482, 0.011466327601190322, 0.020174969355433708)"
42,0,2,8,"(0.0, 0.0, 0.016361534780228625, 0.0033097906454404528, 0.0, 0.006935454618720939, 0.02773054755533034, 0.017443176133622482, 0.011466327601190322, 0.013538136313320443)","(0.0, 0.0, 0.016361534780228625, 0.0029074690534620423, 0.0, 0.006935454618720939, 0.02773054755533034, 0.011798638156118119, 0.011466327601190322, 0.013538136313320443)"
43,0,18,1,"(0.0, 0.03926162523356134, 0.044588638878710875, 0.0, 0.031488363291038005, 0.0, 0.0, 0.0, 0.0, 0.034480130811573785)","(0.0, 0.02973632624933416, 0.05346213335291525, 0.0, 0.031488363291038005, 0.0, 0.0, 0.0, 0.0, 0.034480130811573785)"
44,0,18,5,"(0.1792078360399821, 0.13151103531888653, 0.15112437981031296, 0.16344142439650497, 0.0, 0.0, 0.0, 0.013026841387469198, 0.0, 0.0)","(0.1792078360399821, 0.13151103531888653, 0.15112437981031296, 0.16344142439650497, 0.0, 0.0, 0.0, 0.014218206333030843, 0.0, 0.0)"
45,0,19,4,"(0.10724196544958095, 0.0883180702870557, 0.0, 0.0, 0.26258359679082327, 0.0, 0.006977264034027059, 0.1086012402169001, 0.024623093408164966, 0.0)","(0.10724196544958095, 0.0883180702870557, 0.0, 0.0, 0.26258359679082327, 0.0, 0.006977264034027059, 0.07819129658979981, 0.024623093408164966, 0.0)"
46,0,20,2,"(0.0, 0.0, 0.030360350867639944, 0.08907557369349299, 0.0, 0.02511892626773576, 0.0, 0.0, 0.0, 0.05830737916070813)","(0.0, 0.0, 0.021270205155407836, 0.0772361195886137, 0.0, 0.02511892626773576, 0.0, 0.0, 0.0, 0.05830737916070813)"
47,0,2,10,"(0.010930127561874522, 0.10737727367446145, 0.0, 0.0, 0.0, 0.0, 0.0, 0.0, 0.0, 0.0)","(0.010930127561874522, 0.2380304066741174, 0.0, 0.0, 0.0, 0.0, 0.0, 0.0, 0.0, 0.0)"
48,0,2,11,"(0.11080621742429601, 0.0, 0.0, 0.0, 0.0, 0.0, 0.0, 0.0, 0.06416164919574671, 0.0)","(0.05987905518572744, 0.0, 0.0, 0.0, 0.0, 0.0, 0.0, 0.0, 0.04015419147177834, 0.0)"
49,0,6,5,"(0.1792078360399821, 0.13151103531888653, 0.15112437981031296, 0.16344142439650497, 0.0, 0.0, 0.0, 0.013026841387469198, 0.0, 0.0)","(0.1792078360399821, 0.05912722916677567, 0.15112437981031296, 0.16344142439650497, 0.0, 0.0, 0.0, 0.013026841387469198, 0.0, 0.0)"
50,0,2,13,"(0.0, 0.0, 0.04198794063234867, 0.0, 0.10087429390457471, 0.012272649458557041, 0.02271982369941325, 0.0, 0.11811188615698948, 0.022854187839533902)","(0.0, 0.0, 0.04198794063234867, 0.0, 0.10087429390457471, 0.012272649458557041, 0.019770765444552297, 0.0, 0.11811188615698948, 0.022854187839533902)"
51,0,2,13,"(0.0, 0.0, 0.04198794063234867, 0.0, 0.10087429390457471, 0.012272649458557041, 0.02271982369941325, 0.0, 0.11811188615698948, 0.022854187839533902)","(0.0, 0.0, 0.04198794063234867, 0.0, 0.10087429390457471, 0.012272649458557041, 0.016940355217300623, 0.0, 0.06257833110498061, 0.03383461995495292)"
52,0,1,3,"(0.15978083447096003, 0.0, 0.0, 0.0, 0.0, 0.1610216772562336, 0.06112273872331793, 0.0, 0.26164733843979077, 0.011342770631760854)","(0.22308088259844874, 0.0, 0.0, 0.0, 0.0, 0.1610216772562336, 0.06112273872331793, 0.0, 0.26164733843979077, 0.011342770631760854)"
53,0,4,3,"(0.15978083447096003, 0.0, 0.0, 0.0, 0.0, 0.1610216772562336, 0.06112273872331793, 0.0, 0.26164733843979077, 0.011342770631760854)","(0.15978083447096003, 0.0, 0.0, 0.0, 0.0, 0.1610216772562336, 0.06112273872331793, 0.0, 0.26164733843979077, 0.013421551831167262)"
54,0,9,5,"(0.1792078360399821, 0.13151103531888653, 0.15112437981031296, 0.16344142439650497, 0.0, 0.0, 0.0, 0.013026841387469198, 0.0, 0.0)","(0.15946773798566685, 0.13151103531888653, 0.15112437981031296, 0.16344142439650497, 0.0, 0.0, 0.0, 0.013026841387469198, 0.0, 0.0)"
55,0,12,5,"(0.1792078360399821, 0.13151103531888653, 0.15112437981031296, 0.16344142439650497, 0.0, 0.0, 0.0, 0.013026841387469198, 0.0, 0.0)","(0.1792078360399821, 0.13151103531888653, 0.17380708274203233, 0.16344142439650497, 0.0, 0.0, 0.0, 0.013026841387469198, 0.0, 0.0)"
56,0,16,5,"(0.1792078360399821, 0.13151103531888653, 0.15112437981031296, 0.16344142439650497, 0.0, 0.0, 0.0, 0.013026841387469198, 0.0, 0.0)","(0.1792078360399821, 0.13151103531888653, 0.2930940562104559, 0.16344142439650497, 0.0, 0.0, 0.0, 0.005860470683461005, 0.0, 0.0)"
57,0,18,5,"(0.1792078360399821, 0.13151103531888653, 0.15112437981031296, 0.16344142439650497, 0.0, 0.0, 0.0, 0.013026841387469198, 0.0, 0.0)","(0.1792078360399821, 0.13151103531888653, 0.15980457920142416, 0.1646848476803431, 0.0, 0.0, 0.0, 0.013026841387469198, 0.0, 0.0)"
58,0,3,3,"(0.15978083447096003, 0.0, 0.0, 0.0, 0.0, 0.1610216772562336, 0.06112273872331793, 0.0, 0.26164733843979077, 0.011342770631760854)","(0.318466339969312, 0.0, 0.0, 0.0, 0.0, 0.1610216772562336, 0.06401899640251822, 0.0, 0.26164733843979077, 0.011342770631760854)"
59,0,7,5,"(0.1792078360399821, 0.13151103531888653, 0.15112437981031296, 0.16344142439650497, 0.0, 0.0, 0.0, 0.013026841387469198, 0.0, 0.0)","(0.1792078360399821, 0.13151103531888653, 0.18002722275082056, 0.16344142439650497, 0.0, 0.0, 0.0, 0.013026841387469198, 0.0, 0.0)"
60,0,10,5,"(0.1792078360399821, 0.13151103531888653, 0.15112437981031296, 0.16344142439650497, 0.0, 0.0, 0.0, 0.013026841387469198, 0.0, 0.0)","(0.1792078360399821, 0.13151103531888653, 0.15112437981031296, 0.17192518612684565, 0.0, 0.0, 0.0, 0.013026841387469198, 0.0, 0.0)"
61,0,14,9,"(0.1016848119491754, 0.16514218036350897, 0.0, 0.0, 0.0, 0.05964717490902346, 0.0, 0.0, 0.14534880549223067, 0.1449089225822706)","(0.05664874599597573, 0.16514218036350897, 0.0, 0.0, 0.0, 0.05964717490902346, 0.0, 0.0, 0.14534880549223067, 0.1449089225822706)"
62,0,18,1,"(0.0, 0.03926162523356134, 0.044588638878710875, 0.0, 0.031488363291038005, 0.0, 0.0, 0.0, 0.0, 0.034480130811573785)","(0.0, 0.03926162523356134, 0.05230886887403011, 0.0, 0.031488363291038005, 0.0, 0.0, 0.0, 0.0, 0.034480130811573785)"
63,0,18,1,"(0.0, 0.03926162523356134, 0.044588638878710875, 0.0, 0.031488363291038005, 0.0, 0.0, 0.0, 0.0, 0.034480130811573785)","(0.0, 0.03926162523356134, 0.044588638878710875, 0.0, 0.01619334359382629, 0.0, 0.0, 0.0, 0.0, 0.034480130811573785)"
64,0,19,9,"(0.1016848119491754, 0.16514218036350897, 0.0, 0.0, 0.0, 0.05964717490902346, 0.0, 0.0, 0.14534880549223067, 0.1449089225822706)","(0.1016848119491754, 0.16514218036350897, 0.0, 0.0, 0.0, 0.047670309887370275, 0.0, 0.0, 0.14534880549223067, 0.1449089225822706)"
65,0,19,9,"(0.1016848119491754, 0.16514218036350897, 0.0, 0.0, 0.0, 0.05964717490902346, 0.0, 0.0, 0.14534880549223067, 0.1449089225822706)","(0.1016848119491754, 0.16514218036350897, 0.0, 0.0, 0.0, 0.05964717490902346, 0.0, 0.0, 0.14534880549223067, 0.30808155791873426)"
66,0,2,13,"(0.0, 0.0, 0.04198794063234867, 0.0, 0.10087429390457471, 0.012272649458557041, 0.02271982369941325, 0.0, 0.11811188615698948, 0.022854187839533902)","(0.0, 0.0, 0.04198794063234867, 0.0, 0.10087429390457471, 0.012272649458557041, 0.02271982369941325, 0.0, 0.09045195587230266, 0.022854187839533902)"
67,0,4,5,"(0.1792078360399821, 0.13151103531888653, 0.15112437981031296, 0.16344142439650497, 0.0, 0.0, 0.0, 0.013026841387469198, 0.0, 0.0)","(0.1792078360399821, 0.13151103531888653, 0.15112437981031296, 0.10388094556587403, 0.0, 0.0, 0.0, 0.013026841387469198, 0.0, 0.0)"
68,0,5,4,"(0.10724196544958095, 0.0883180702870557, 0.0, 0.0, 0.26258359679082327, 0.0, 0.006977264034027059, 0.1086012402169001, 0.024623093408164966, 0.0)","(0.10724196544958095, 0.0883180702870557, 0.0, 0.0, 0.26258359679082327, 0.0, 0.006977264034027059, 0.10408884180773822, 0.024623093408164966, 0.0)"
69,0,9,5,"(0.1792078360399821, 0.13151103531888653, 0.15112437981031296, 0.16344142439650497, 0.0, 0.0, 0.0, 0.013026841387469198, 0.0, 0.0)","(0.1792078360399821, 0.13151103531888653, 0.15112437981031296, 0.16344142439650497, 0.0, 0.0, 0.0, 0.011360267169968265, 0.0, 0.0)"
70,0,18,5,"(0.1792078360399821, 0.13151103531888653, 0.15112437981031296, 0.16344142439650497, 0.0, 0.0, 0.0, 0.013026841387469198, 0.0, 0.0)","(0.1792078360399821, 0.13151103531888653, 0.13052285466889793, 0.16344142439650497, 0.0, 0.0, 0.0, 0.013026841387469198, 0.0, 0.0)"
71,0,18,1,"(0.0, 0.03926162523356134, 0.044588638878710875, 0.0, 0.031488363291038005, 0.0, 0.0, 0.0, 0.0, 0.034480130811573785)","(0.0, 0.03926162523356134, 0.044588638878710875, 0.0, 0.031488363291038005, 0.0, 0.0, 0.0, 0.0, 0.05872263944958337)"
72,0,6,5,"(0.1792078360399821, 0.13151103531888653, 0.15112437981031296, 0.16344142439650497, 0.0, 0.0, 0.0, 0.013026841387469198, 0.0, 0.0)","(0.1792078360399821, 0.10331591340384091, 0.15112437981031296, 0.16344142439650497, 0.0, 0.0, 0.0, 0.013026841387469198, 0.0, 0.0)"
73,0,6,5,"(0.1792078360399821, 0.13151103531888653, 0.15112437981031296, 0.16344142439650497, 0.0, 0.0, 0.0, 0.013026841387469198, 0.0, 0.0)","(0.1792078360399821, 0.13151103531888653, 0.15112437981031296, 0.16344142439650497, 0.0, 0.0, 0.0, 0.014673790097464601, 0.0, 0.0)"
74,0,6,5,"(0.1792078360399821, 0.13151103531888653, 0.15112437981031296, 0.16344142439650497, 0.0, 0.0, 0.0, 0.013026841387469198, 0.0, 0.0)","(0.1792078360399821, 0.09205213777727216, 0.15112437981031296, 0.1619567029560718, 0.0, 0.0, 0.0, 0.013026841387469198, 0.0, 0.0)"
75,0,16,5,"(0.1792078360399821, 0.13151103531888653, 0.15112437981031296, 0.16344142439650497, 0.0, 0.0, 0.0, 0.013026841387469198, 0.0, 0.0)","(0.1792078360399821, 0.13151103531888653, 0.21288407994057942, 0.11211300890096502, 0.0, 0.0, 0.0, 0.013026841387469198, 0.0, 0.0)"
76,0,1,3,"(0.15978083447096003, 0.0, 0.0, 0.0, 0.0, 0.1610216772562336, 0.06112273872331793, 0.0, 0.26164733843979077, 0.011342770631760854)","(0.13535883290857081, 0.0, 0.0, 0.0, 0.0, 0.1610216772562336, 0.06112273872331793, 0.0, 0.26164733843979077, 0.011342770631760854)"
77,0,3,5,"(0.1792078360399821, 0.13151103531888653, 0.15112437981031296, 0.16344142439650497, 0.0, 0.0, 0.0, 0.013026841387469198, 0.0, 0.0)","(0.1792078360399821, 0.15496880530521978, 0.15112437981031296, 0.16344142439650497, 0.0, 0.0, 0.0, 0.013026841387469198, 0.0, 0.0)"
78,0,6,4,"(0.10724196544958095, 0.0883180702870557, 0.0, 0.0, 0.26258359679082327, 0.0, 0.006977264034027059, 0.1086012402169001, 0.024623093408164966, 0.0)","(0.10724196544958095, 0.0883180702870557, 0.0, 0.0, 0.26258359679082327, 0.0, 0.005798599295924944, 0.1086012402169001, 0.024623093408164966, 0.0)"
79,0,18,5,"(0.1792078360399821, 0.13151103531888653, 0.15112437981031296, 0.16344142439650497, 0.0, 0.0, 0.0, 0.013026841387469198, 0.0, 0.0)","(0.1792078360399821, 0.13151103531888653, 0.18049778465952582, 0.12196588265956504, 0.0, 0.0, 0.0, 0.013026841387469198, 0.0, 0.0)"
80,0,18,1,"(0.0, 0.03926162523356134, 0.044588638878710875, 0.0, 0.031488363291038005, 0.0, 0.0, 0.0, 0.0, 0.034480130811573785)","(0.0, 0.03926162523356134, 0.030690623982799828, 0.0, 0.031488363291038005, 0.0, 0.0, 0.0, 0.0, 0.034480130811573785)"
81,0,19,5,"(0.1792078360399821, 0.13151103531888653, 0.15112437981031296, 0.16344142439650497, 0.0, 0.0, 0.0, 0.013026841387469198, 0.0, 0.0)","(0.1792078360399821, 0.14889942299253398, 0.15112437981031296, 0.16344142439650497, 0.0, 0.0, 0.0, 0.007588161549730456, 0.0, 0.0)"
82,0,2,13,"(0.0, 0.0, 0.04198794063234867, 0.0, 0.10087429390457471, 0.012272649458557041, 0.02271982369941325, 0.0, 0.11811188615698948, 0.022854187839533902)","(0.0, 0.0, 0.04198794063234867, 0.0, 0.10087429390457471, 0.012272649458557041, 0.02271982369941325, 0.0, 0.11811188615698948, 0.025213661640155604)"
83,0,6,5,"(0.1792078360399821, 0.13151103531888653, 0.15112437981031296, 0.16344142439650497, 0.0, 0.0, 0.0, 0.013026841387469198, 0.0, 0.0)","(0.1792078360399821, 0.13151103531888653, 0.1353472582936458, 0.17205005206533358, 0.0, 0.0, 0.0, 0.013026841387469198, 0.0, 0.0)"
84,0,18,1,"(0.0, 0.03926162523356134, 0.044588638878710875, 0.0, 0.031488363291038005, 0.0, 0.0, 0.0, 0.0, 0.034480130811573785)","(0.0, 0.03926162523356134, 0.044588638878710875, 0.0, 0.03139000412928352, 0.0, 0.0, 0.0, 0.0, 0.034480130811573785)"
85,0,20,5,"(0.1792078360399821, 0.13151103531888653, 0.15112437981031296, 0.16344142439650497, 0.0, 0.0, 0.0, 0.013026841387469198, 0.0, 0.0)","(0.1792078360399821, 0.13151103531888653, 0.16769679858086717, 0.16344142439650497, 0.0, 0.0, 0.0, 0.013026841387469198, 0.0, 0.0)"
86,0,20,5,"(0.1792078360399821, 0.13151103531888653, 0.15112437981031296, 0.16344142439650497, 0.0, 0.0, 0.0, 0.013026841387469198, 0.0, 0.0)","(0.1792078360399821, 0.13151103531888653, 0.1904969726799484, 0.16344142439650497, 0.0, 0.0, 0.0, 0.013026841387469198, 0.0, 0.0)"
87,0,6,5,"(0.1792078360399821, 0.13151103531888653, 0.15112437981031296, 0.16344142439650497, 0.0, 0.0, 0.0, 0.013026841387469198, 0.0, 0.0)","(0.2398939969140723, 0.07356003614595942, 0.18540357403105562, 0.16344142439650497, 0.0, 0.0, 0.0, 0.013026841387469198, 0.0, 0.0)"
88,0,9,3,"(0.15978083447096003, 0.0, 0.0, 0.0, 0.0, 0.1610216772562336, 0.06112273872331793, 0.0, 0.26164733843979077, 0.011342770631760854)","(0.15978083447096003, 0.0, 0.0, 0.0, 0.0, 0.1610216772562336, 0.07383835349626224, 0.0, 0.26164733843979077, 0.011342770631760854)"
89,0,18,1,"(0.0, 0.03926162523356134, 0.044588638878710875, 0.0, 0.031488363291038005, 0.0, 0.0, 0.0, 0.0, 0.034480130811573785)","(0.0, 0.04558232135973639, 0.044588638878710875, 0.0, 0.031488363291038005, 0.0, 0.0, 0.0, 0.0, 0.06256872248412787)"
90,0,18,5,"(0.1792078360399821, 0.13151103531888653, 0.15112437981031296, 0.16344142439650497, 0.0, 0.0, 0.0, 0.013026841387469198, 0.0, 0.0)","(0.1792078360399821, 0.13151103531888653, 0.15112437981031296, 0.08554131873336142, 0.0, 0.0, 0.0, 0.013026841387469198, 0.0, 0.0)"
91,0,19,5,"(0.1792078360399821, 0.13151103531888653, 0.15112437981031296, 0.16344142439650497, 0.0, 0.0, 0.0, 0.013026841387469198, 0.0, 0.0)","(0.1792078360399821, 0.13151103531888653, 0.1090582281978489, 0.16344142439650497, 0.0, 0.0, 0.0, 0.011890250794358967, 0.0, 0.0)"
92,0,20,2,"(0.0, 0.0, 0.030360350867639944, 0.08907557369349299, 0.0, 0.02511892626773576, 0.0, 0.0, 0.0, 0.05830737916070813)","(0.0, 0.0, 0.030360350867639944, 0.08907557369349299, 0.0, 0.02511892626773576, 0.0, 0.0, 0.0, 0.04210439729551476)"
93,0,20,5,"(0.1792078360399821, 0.13151103531888653, 0.15112437981031296, 0.16344142439650497, 0.0, 0.0, 0.0, 0.013026841387469198, 0.0, 0.0)","(0.26969647129990487, 0.13151103531888653, 0.15112437981031296, 0.16344142439650497, 0.0, 0.0, 0.0, 0.013026841387469198, 0.0, 0.0)"
94,0,0,4,"(0.10724196544958095, 0.0883180702870557, 0.0, 0.0, 0.26258359679082327, 0.0, 0.006977264034027059, 0.1086012402169001, 0.024623093408164966, 0.0)","(0.10724196544958095, 0.0883180702870557, 0.0, 0.0, 0.26258359679082327, 0.0, 0.018491339372813106, 0.1086012402169001, 0.024623093408164966, 0.0)"
95,0,1,5,"(0.1792078360399821, 0.13151103531888653, 0.15112437981031296, 0.16344142439650497, 0.0, 0.0, 0.0, 0.013026841387469198, 0.0, 0.0)","(0.1792078360399821, 0.13151103531888653, 0.22991217020581786, 0.2594087431676756, 0.0, 0.0, 0.0, 0.016465622100059436, 0.0, 0.0)"
96,0,3,4,"(0.10724196544958095, 0.0883180702870557, 0.0, 0.0, 0.26258359679082327, 0.0, 0.006977264034027059, 0.1086012402169001, 0.024623093408164966, 0.0)","(0.10724196544958095, 0.0883180702870557, 0.0, 0.0, 0.26258359679082327, 0.0, 0.006977264034027059, 0.1086012402169001, 0.0168531491053979, 0.0)"
97,0,5,7,"(0.0, 0.0, 0.18642519784031952, 0.0, 0.1013354440850339, 0.01745409381609489, 0.009092331884517278, 0.040571293248021965, 0.08690003962316965, 0.0)","(0.0, 0.0, 0.18642519784031952, 0.0, 0.1013354440850339, 0.01745409381609489, 0.009092331884517278, 0.040571293248021965, 0.0498749838999322, 0.0)"
98,0,7,5,"(0.1792078360399821, 0.13151103531888653, 0.15112437981031296, 0.16344142439650497, 0.0, 0.0, 0.0, 0.013026841387469198, 0.0, 0.0)","(0.1792078360399821, 0.13151103531888653, 0.2659892899796272, 0.16344142439650497, 0.0, 0.0, 0.0, 0.013026841387469198, 0.0, 0.0)"
99,0,3,5,"(0.1792078360399821, 0.13151103531888653, 0.15112437981031296, 0.16344142439650497, 0.0, 0.0, 0.0, 0.013026841387469198, 0.0, 0.0)","(0.27313353512276894, 0.13151103531888653, 0.15112437981031296, 0.16344142439650497, 0.0, 0.0, 0.0, 0.013026841387469198, 0.0, 0.0)"
100,0,3,5,"(0.1792078360399821, 0.13151103531888653, 0.15112437981031296, 0.16344142439650497, 0.0, 0.0, 0.0, 0.013026841387469198, 0.0, 0.0)","(0.1792078360399821, 0.13151103531888653, 0.08816953205940553, 0.16344142439650497, 0.0, 0.0, 0.0, 0.013026841387469198, 0.0, 0.0)"
101,0,6,5,"(0.1792078360399821, 0.13151103531888653, 0.15112437981031296, 0.16344142439650497, 0.0, 0.0, 0.0, 0.013026841387469198, 0.0, 0.0)","(0.1792078360399821, 0.13151103531888653, 0.15112437981031296, 0.26935337078091687, 0.0, 0.0, 0.0, 0.013026841387469198, 0.0, 0.0)"
102,0,11,5,"(0.1792078360399821, 0.13151103531888653, 0.15112437981031296, 0.16344142439650497, 0.0, 0.0, 0.0, 0.013026841387469198, 0.0, 0.0)","(0.1792078360399821, 0.10892916372228503, 0.15112437981031296, 0.16344142439650497, 0.0, 0.0, 0.0, 0.013026841387469198, 0.0, 0.0)"
103,0,15,9,"(0.1016848119491754, 0.16514218036350897, 0.0, 0.0, 0.0, 0.05964717490902346, 0.0, 0.0, 0.14534880549223067, 0.1449089225822706)","(0.11550538686887322, 0.16514218036350897, 0.0, 0.0, 0.0, 0.06592955124961022, 0.0, 0.0, 0.14534880549223067, 0.1449089225822706)"
104,0,18,1,"(0.0, 0.03926162523356134, 0.044588638878710875, 0.0, 0.031488363291038005, 0.0, 0.0, 0.0, 0.0, 0.034480130811573785)","(0.0, 0.03926162523356134, 0.051883028451877464, 0.0, 0.031488363291038005, 0.0, 0.0, 0.0, 0.0, 0.034480130811573785)"
105,0,20,5,"(0.1792078360399821, 0.13151103531888653, 0.15112437981031296, 0.16344142439650497, 0.0, 0.0, 0.0, 0.013026841387469198, 0.0, 0.0)","(0.10077444189164636, 0.13151103531888653, 0.15112437981031296, 0.16344142439650497, 0.0, 0.0, 0.0, 0.013026841387469198, 0.0, 0.0)"
106,0,1,4,"(0.10724196544958095, 0.0883180702870557, 0.0, 0.0, 0.26258359679082327, 0.0, 0.006977264034027059, 0.1086012402169001, 0.024623093408164966, 0.0)","(0.10724196544958095, 0.0883180702870557, 0.0, 0.0, 0.4514803977516419, 0.0, 0.004027087638530654, 0.1086012402169001, 0.025088646243799292, 0.0)"
107,0,4,3,"(0.15978083447096003, 0.0, 0.0, 0.0, 0.0, 0.1610216772562336, 0.06112273872331793, 0.0, 0.26164733843979077, 0.011342770631760854)","(0.15978083447096003, 0.0, 0.0, 0.0, 0.0, 0.1610216772562336, 0.05895792825776202, 0.0, 0.26164733843979077, 0.011342770631760854)"
108,0,10,5,"(0.1792078360399821, 0.13151103531888653, 0.15112437981031296, 0.16344142439650497, 0.0, 0.0, 0.0, 0.013026841387469198, 0.0, 0.0)","(0.1792078360399821, 0.13151103531888653, 0.1885943653546452, 0.16344142439650497, 0.0, 0.0, 0.0, 0.013026841387469198, 0.0, 0.0)"
109,0,12,4,"(0.10724196544958095, 0.0883180702870557, 0.0, 0.0, 0.26258359679082327, 0.0, 0.006977264034027059, 0.1086012402169001, 0.024623093408164966, 0.0)","(0.07676933695214821, 0.05311138763755691, 0.0, 0.0, 0.26258359679082327, 0.0, 0.006977264034027059, 0.1086012402169001, 0.024623093408164966, 0.0)"
110,0,18,5,"(0.1792078360399821, 0.13151103531888653, 0.15112437981031296, 0.16344142439650497, 0.0, 0.0, 0.0, 0.013026841387469198, 0.0, 0.0)","(0.1792078360399821, 0.13151103531888653, 0.15112437981031296, 0.08397643691844812, 0.0, 0.0, 0.0, 0.007334895044915595, 0.0, 0.0)"
111,0,20,4,"(0.10724196544958095, 0.0883180702870557, 0.0, 0.0, 0.26258359679082327, 0.0, 0.006977264034027059, 0.1086012402169001, 0.024623093408164966, 0.0)","(0.10724196544958095, 0.0883180702870557, 0.0, 0.0, 0.2167460010643055, 0.0, 0.006977264034027059, 0.10747954144647529, 0.024623093408164966, 0.0)"
112,0,1,5,"(0.1792078360399821, 0.13151103531888653, 0.15112437981031296, 0.16344142439650497, 0.0, 0.0, 0.0, 0.013026841387469198, 0.0, 0.0)","(0.1792078360399821, 0.13151103531888653, 0.15112437981031296, 0.10405848739072142, 0.0, 0.0, 0.0, 0.013026841387469198, 0.0, 0.0)"
113,0,6,5,"(0.1792078360399821, 0.13151103531888653, 0.15112437981031296, 0.16344142439650497, 0.0, 0.0, 0.0, 0.013026841387469198, 0.0, 0.0)","(0.1792078360399821, 0.22976491810103042, 0.15112437981031296, 0.16344142439650497, 0.0, 0.0, 0.0, 0.013026841387469198, 0.0, 0.0)"
114,0,11,3,"(0.15978083447096003, 0.0, 0.0, 0.0, 0.0, 0.1610216772562336, 0.06112273872331793, 0.0, 0.26164733843979077, 0.011342770631760854)","(0.15978083447096003, 0.0, 0.0, 0.0, 0.0, 0.1610216772562336, 0.07298119507585477, 0.0, 0.26164733843979077, 0.011342770631760854)"
115,0,18,1,"(0.0, 0.03926162523356134, 0.044588638878710875, 0.0, 0.031488363291038005, 0.0, 0.0, 0.0, 0.0, 0.034480130811573785)","(0.0, 0.03926162523356134, 0.044588638878710875, 0.0, 0.022100278051597137, 0.0, 0.0, 0.0, 0.0, 0.034480130811573785)"
116,0,19,3,"(0.15978083447096003, 0.0, 0.0, 0.0, 0.0, 0.1610216772562336, 0.06112273872331793, 0.0, 0.26164733843979077, 0.011342770631760854)","(0.15978083447096003, 0.0, 0.0, 0.0, 0.0, 0.1610216772562336, 0.06112273872331793, 0.0, 0.26164733843979077, 0.015830558334254112)"
117,0,3,5,"(0.1792078360399821, 0.13151103531888653, 0.15112437981031296, 0.16344142439650497, 0.0, 0.0, 0.0, 0.013026841387469198, 0.0, 0.0)","(0.1792078360399821, 0.2789599081546925, 0.15112437981031296, 0.16344142439650497, 0.0, 0.0, 0.0, 0.013026841387469198, 0.0, 0.0)"
118,0,4,5,"(0.1792078360399821, 0.13151103531888653, 0.15112437981031296, 0.16344142439650497, 0.0, 0.0, 0.0, 0.013026841387469198, 0.0, 0.0)","(0.1792078360399821, 0.09470873369748856, 0.15112437981031296, 0.16344142439650497, 0.0, 0.0, 0.0, 0.013026841387469198, 0.0, 0.0)"
119,0,8,3,"(0.15978083447096003, 0.0, 0.0, 0.0, 0.0, 0.1610216772562336, 0.06112273872331793, 0.0, 0.26164733843979077, 0.011342770631760854)","(0.15978083447096003, 0.0, 0.0, 0.0, 0.0, 0.1610216772562336, 0.06112273872331793, 0.0, 0.26164733843979077, 0.02076211662546474)"
120,0,13,3,"(0.15978083447096003, 0.0, 0.0, 0.0, 0.0, 0.1610216772562336, 0.06112273872331793, 0.0, 0.26164733843979077, 0.011342770631760854)","(0.1812266498319553, 0.0, 0.0, 0.0, 0.0, 0.1610216772562336, 0.06112273872331793, 0.0, 0.26164733843979077, 0.011342770631760854)"
121,0,13,3,"(0.15978083447096003, 0.0, 0.0, 0.0, 0.0, 0.1610216772562336, 0.06112273872331793, 0.0, 0.26164733843979077, 0.011342770631760854)","(0.15978083447096003, 0.0, 0.0, 0.0, 0.0, 0.1610216772562336, 0.051404467887486247, 0.0, 0.26164733843979077, 0.011342770631760854)"
122,0,0,9,"(0.1016848119491754, 0.16514218036350897, 0.0, 0.0, 0.0, 0.05964717490902346, 0.0, 0.0, 0.14534880549223067, 0.1449089225822706)","(0.1016848119491754, 0.16514218036350897, 0.0, 0.0, 0.0, 0.05964717490902346, 0.0, 0.0, 0.22073879936345506, 0.1449089225822706)"
123,0,4,5,"(0.1792078360399821, 0.13151103531888653, 0.15112437981031296, 0.16344142439650497, 0.0, 0.0, 0.0, 0.013026841387469198, 0.0, 0.0)","(0.20865800670919937, 0.13151103531888653, 0.15112437981031296, 0.16344142439650497, 0.0, 0.0, 0.0, 0.018788202301003688, 0.0, 0.0)"
124,0,16,5,"(0.1792078360399821, 0.13151103531888653, 0.15112437981031296, 0.16344142439650497, 0.0, 0.0, 0.0, 0.013026841387469198, 0.0, 0.0)","(0.1792078360399821, 0.3745662145324459, 0.15112437981031296, 0.16344142439650497, 0.0, 0.0, 0.0, 0.013026841387469198, 0.0, 0.0)"
125,0,16,5,"(0.1792078360399821, 0.13151103531888653, 0.15112437981031296, 0.16344142439650497, 0.0, 0.0, 0.0, 0.013026841387469198, 0.0, 0.0)","(0.1792078360399821, 0.13151103531888653, 0.15112437981031296, 0.07389448877095713, 0.0, 0.0, 0.0, 0.013026841387469198, 0.0, 0.0)"
126,0,16,5,"(0.1792078360399821, 0.13151103531888653, 0.15112437981031296, 0.16344142439650497, 0.0, 0.0, 0.0, 0.013026841387469198, 0.0, 0.0)","(0.1792078360399821, 0.13151103531888653, 0.11717099034884114, 0.16344142439650497, 0.0, 0.0, 0.0, 0.013026841387469198, 0.0, 0.0)"
127,0,1,3,"(0.15978083447096003, 0.0, 0.0, 0.0, 0.0, 0.1610216772562336, 0.06112273872331793, 0.0, 0.26164733843979077, 0.011342770631760854)","(0.1671189348812104, 0.0, 0.0, 0.0, 0.0, 0.1610216772562336, 0.04827388179622419, 0.0, 0.26164733843979077, 0.011342770631760854)"
128,0,12,5,"(0.1792078360399821, 0.13151103531888653, 0.15112437981031296, 0.16344142439650497, 0.0, 0.0, 0.0, 0.013026841387469198, 0.0, 0.0)","(0.1792078360399821, 0.13151103531888653, 0.15112437981031296, 0.13992925654347113, 0.0, 0.0, 0.0, 0.013026841387469198, 0.0, 0.0)"
129,0,16,5,"(0.1792078360399821, 0.13151103531888653, 0.15112437981031296, 0.16344142439650497, 0.0, 0.0, 0.0, 0.013026841387469198, 0.0, 0.0)","(0.1792078360399821, 0.08961652847925636, 0.15112437981031296, 0.16344142439650497, 0.0, 0.0, 0.0, 0.013026841387469198, 0.0, 0.0)"
130,0,19,9,"(0.1016848119491754, 0.16514218036350897, 0.0, 0.0, 0.0, 0.05964717490902346, 0.0, 0.0, 0.14534880549223067, 0.1449089225822706)","(0.1016848119491754, 0.16514218036350897, 0.0, 0.0, 0.0, 0.0777868463583942, 0.0, 0.0, 0.14534880549223067, 0.1449089225822706)"
131,0,19,4,"(0.10724196544958095, 0.0883180702870557, 0.0, 0.0, 0.26258359679082327, 0.0, 0.006977264034027059, 0.1086012402169001, 0.024623093408164966, 0.0)","(0.10724196544958095, 0.0883180702870557, 0.0, 0.0, 0.26258359679082327, 0.0, 0.006977264034027059, 0.16783604756171588, 0.024623093408164966, 0.0)"
132,0,0,9,"(0.1016848119491754, 0.16514218036350897, 0.0, 0.0, 0.0, 0.05964717490902346, 0.0, 0.0, 0.14534880549223067, 0.1449089225822706)","(0.12979928935617216, 0.16514218036350897, 0.0, 0.0, 0.0, 0.08319899692800631, 0.0, 0.0, 0.14534880549223067, 0.1449089225822706)"
133,0,3,5,"(0.1792078360399821, 0.13151103531888653, 0.15112437981031296, 0.16344142439650497, 0.0, 0.0, 0.0, 0.013026841387469198, 0.0, 0.0)","(0.1792078360399821, 0.13151103531888653, 0.15112437981031296, 0.16344142439650497, 0.0, 0.0, 0.0, 0.011441108465565177, 0.0, 0.0)"
134,0,4,9,"(0.1016848119491754, 0.16514218036350897, 0.0, 0.0, 0.0, 0.05964717490902346, 0.0, 0.0, 0.14534880549223067, 0.1449089225822706)","(0.2746677619464711, 0.16514218036350897, 0.0, 0.0, 0.0, 0.05964717490902346, 0.0, 0.0, 0.14534880549223067, 0.14880473675987851)"
135,0,4,5,"(0.1792078360399821, 0.13151103531888653, 0.15112437981031296, 0.16344142439650497, 0.0, 0.0, 0.0, 0.013026841387469198, 0.0, 0.0)","(0.1792078360399821, 0.07081441884385911, 0.15112437981031296, 0.16344142439650497, 0.0, 0.0, 0.0, 0.013026841387469198, 0.0, 0.0)"
136,0,6,5,"(0.1792078360399821, 0.22976491810103042, 0.15112437981031296, 0.16344142439650497, 0.0, 0.0, 0.0, 0.013026841387469198, 0.0, 0.0)","(0.1792078360399821, 0.22976491810103042, 0.10620482475743748, 0.16344142439650497, 0.0, 0.0, 0.0, 0.013026841387469198, 0.0, 0.0)"
137,0,6,4,"(0.10724196544958095, 0.0883180702870557, 0.0, 0.0, 0.26258359679082327, 0.0, 0.006977264034027059, 0.1086012402169001, 0.024623093408164966, 0.0)","(0.08161669136224609, 0.0883180702870557, 0.0, 0.0, 0.26258359679082327, 0.0, 0.006977264034027059, 0.1086012402169001, 0.024623093408164966, 0.0)"
138,0,20,5,"(0.26969647129990487, 0.13151103531888653, 0.15112437981031296, 0.16344142439650497, 0.0, 0.0, 0.0, 0.013026841387469198, 0.0, 0.0)","(0.26969647129990487, 0.13151103531888653, 0.15112437981031296, 0.16344142439650497, 0.0, 0.0, 0.0, 0.008506530362398287, 0.0, 0.0)"
139,0,3,9,"(0.1016848119491754, 0.16514218036350897, 0.0, 0.0, 0.0, 0.05964717490902346, 0.0, 0.0, 0.14534880549223067, 0.1449089225822706)","(0.1016848119491754, 0.16514218036350897, 0.0, 0.0, 0.0, 0.043452950888087684, 0.0, 0.0, 0.14534880549223067, 0.1449089225822706)"
140,0,5,5,"(0.1792078360399821, 0.13151103531888653, 0.15112437981031296, 0.16344142439650497, 0.0, 0.0, 0.0, 0.013026841387469198, 0.0, 0.0)","(0.1792078360399821, 0.242691461831853, 0.15112437981031296, 0.16344142439650497, 0.0, 0.0, 0.0, 0.013026841387469198, 0.0, 0.0)"
141,0,16,5,"(0.1792078360399821, 0.13151103531888653, 0.15112437981031296, 0.16344142439650497, 0.0, 0.0, 0.0, 0.013026841387469198, 0.0, 0.0)","(0.1792078360399821, 0.13151103531888653, 0.17881528510337838, 0.16344142439650497, 0.0, 0.0, 0.0, 0.013026841387469198, 0.0, 0.0)"
142,0,17,3,"(0.15978083447096003, 0.0, 0.0, 0.0, 0.0, 0.1610216772562336, 0.06112273872331793, 0.0, 0.26164733843979077, 0.011342770631760854)","(0.15978083447096003, 0.0, 0.0, 0.0, 0.0, 0.1610216772562336, 0.06112273872331793, 0.0, 0.17602034332091304, 0.011342770631760854)"
143,0,18,5,"(0.1792078360399821, 0.13151103531888653, 0.15112437981031296, 0.16344142439650497, 0.0, 0.0, 0.0, 0.013026841387469198, 0.0, 0.0)","(0.14965917825764274, 0.13151103531888653, 0.09626966018822553, 0.15568594600113794, 0.0, 0.0, 0.0, 0.013026841387469198, 0.0, 0.0)"
144,0,3,9,"(0.1016848119491754, 0.16514218036350897, 0.0, 0.0, 0.0, 0.05964717490902346, 0.0, 0.0, 0.14534880549223067, 0.1449089225822706)","(0.1016848119491754, 0.16514218036350897, 0.0, 0.0, 0.0, 0.05964717490902346, 0.0, 0.0, 0.14534880549223067, 0.3236628250639527)"
145,0,16,5,"(0.1792078360399821, 0.13151103531888653, 0.15112437981031296, 0.16344142439650497, 0.0, 0.0, 0.0, 0.013026841387469198, 0.0, 0.0)","(0.1792078360399821, 0.13151103531888653, 0.15112437981031296, 0.16642360178223498, 0.0, 0.0, 0.0, 0.013026841387469198, 0.0, 0.0)"
146,0,16,3,"(0.15978083447096003, 0.0, 0.0, 0.0, 0.0, 0.1610216772562336, 0.06112273872331793, 0.0, 0.26164733843979077, 0.011342770631760854)","(0.15978083447096003, 0.0, 0.0, 0.0, 0.0, 0.1610216772562336, 0.144138656513886, 0.0, 0.26164733843979077, 0.011342770631760854)"
147,0,19,9,"(0.1016848119491754, 0.16514218036350897, 0.0, 0.0, 0.0, 0.05964717490902346, 0.0, 0.0, 0.14534880549223067, 0.1449089225822706)","(0.20827316991477007, 0.16514218036350897, 0.0, 0.0, 0.0, 0.09041306829938968, 0.0, 0.0, 0.14534880549223067, 0.1449089225822706)"
148,0,0,4,"(0.10724196544958095, 0.0883180702870557, 0.0, 0.0, 0.26258359679082327, 0.0, 0.006977264034027059, 0.1086012402169001, 0.024623093408164966, 0.0)","(0.10724196544958095, 0.0883180702870557, 0.0, 0.0, 0.26258359679082327, 0.0, 0.010953002048095989, 0.1086012402169001, 0.024623093408164966, 0.0)"
149,0,10,5,"(0.1792078360399821, 0.13151103531888653, 0.15112437981031296, 0.16344142439650497, 0.0, 0.0, 0.0, 0.013026841387469198, 0.0, 0.0)","(0.1792078360399821, 0.19804324576516458, 0.15112437981031296, 0.16344142439650497, 0.0, 0.0, 0.0, 0.013026841387469198, 0.0, 0.0)"
150,0,14,9,"(0.1016848119491754, 0.16514218036350897, 0.0, 0.0, 0.0, 0.05964717490902346, 0.0, 0.0, 0.14534880549223067, 0.1449089225822706)","(0.08492737810213302, 0.16514218036350897, 0.0, 0.0, 0.0, 0.05964717490902346, 0.0, 0.0, 0.14534880549223067, 0.1449089225822706)"
151,0,16,3,"(0.15978083447096003, 0.0, 0.0, 0.0, 0.0, 0.1610216772562336, 0.06112273872331793, 0.0, 0.26164733843979077, 0.011342770631760854)","(0.15978083447096003, 0.0, 0.0, 0.0, 0.0, 0.13749661626985235, 0.06112273872331793, 0.0, 0.26164733843979077, 0.011342770631760854)"
152,0,17,3,"(0.15978083447096003, 0.0, 0.0, 0.0, 0.0, 0.1610216772562336, 0.06112273872331793, 0.0, 0.26164733843979077, 0.011342770631760854)","(0.1343475078734991, 0.0, 0.0, 0.0, 0.0, 0.1610216772562336, 0.06112273872331793, 0.0, 0.26164733843979077, 0.011342770631760854)"
153,0,14,5,"(0.1792078360399821, 0.13151103531888653, 0.15112437981031296, 0.16344142439650497, 0.0, 0.0, 0.0, 0.013026841387469198, 0.0, 0.0)","(0.1792078360399821, 0.10697884041248865, 0.15112437981031296, 0.16344142439650497, 0.0, 0.0, 0.0, 0.013026841387469198, 0.0, 0.0)"
154,0,14,3,"(0.15978083447096003, 0.0, 0.0, 0.0, 0.0, 0.1610216772562336, 0.06112273872331793, 0.0, 0.26164733843979077, 0.011342770631760854)","(0.15978083447096003, 0.0, 0.0, 0.0, 0.0, 0.1610216772562336, 0.06112273872331793, 0.0, 0.1955741258236363, 0.011342770631760854)"
155,0,6,5,"(0.1792078360399821, 0.13151103531888653, 0.15112437981031296, 0.16344142439650497, 0.0, 0.0, 0.0, 0.013026841387469198, 0.0, 0.0)","(0.1792078360399821, 0.13151103531888653, 0.15112437981031296, 0.16344142439650497, 0.0, 0.0, 0.0, 0.012851925334125446, 0.0, 0.0)"
156,0,7,5,"(0.1792078360399821, 0.13151103531888653, 0.15112437981031296, 0.16344142439650497, 0.0, 0.0, 0.0, 0.013026841387469198, 0.0, 0.0)","(0.132978166954935, 0.13151103531888653, 0.23594202878074116, 0.16344142439650497, 0.0, 0.0, 0.0, 0.013026841387469198, 0.0, 0.0)"
157,0,9,5,"(0.1792078360399821, 0.13151103531888653, 0.15112437981031296, 0.16344142439650497, 0.0, 0.0, 0.0, 0.013026841387469198, 0.0, 0.0)","(0.11058111644940986, 0.13151103531888653, 0.15112437981031296, 0.16344142439650497, 0.0, 0.0, 0.0, 0.013026841387469198, 0.0, 0.0)"
158,0,15,5,"(0.1792078360399821, 0.13151103531888653, 0.15112437981031296, 0.16344142439650497, 0.0, 0.0, 0.0, 0.013026841387469198, 0.0, 0.0)","(0.1792078360399821, 0.13151103531888653, 0.15112437981031296, 0.10018950897921186, 0.0, 0.0, 0.0, 0.013026841387469198, 0.0, 0.0)"
159,0,19,4,"(0.10724196544958095, 0.0883180702870557, 0.0, 0.0, 0.26258359679082327, 0.0, 0.006977264034027059, 0.07819129658979981, 0.024623093408164966, 0.0)","(0.10724196544958095, 0.0883180702870557, 0.0, 0.0, 0.26258359679082327, 0.0, 0.006325384339353697, 0.04986374514298175, 0.024623093408164966, 0.0)"
160,0,0,4,"(0.10724196544958095, 0.0883180702870557, 0.0, 0.0, 0.26258359679082327, 0.0, 0.006977264034027059, 0.1086012402169001, 0.024623093408164966, 0.0)","(0.10724196544958095, 0.0883180702870557, 0.0, 0.0, 0.26258359679082327, 0.0, 0.006977264034027059, 0.1086012402169001, 0.017959597437487384, 0.0)"
161,0,4,5,"(0.1792078360399821, 0.13151103531888653, 0.15112437981031296, 0.16344142439650497, 0.0, 0.0, 0.0, 0.013026841387469198, 0.0, 0.0)","(0.1792078360399821, 0.13151103531888653, 0.15112437981031296, 0.13448180149250927, 0.0, 0.0, 0.0, 0.013026841387469198, 0.0, 0.0)"
162,0,11,5,"(0.1792078360399821, 0.13151103531888653, 0.15112437981031296, 0.16344142439650497, 0.0, 0.0, 0.0, 0.013026841387469198, 0.0, 0.0)","(0.14084592477901936, 0.13151103531888653, 0.15112437981031296, 0.16344142439650497, 0.0, 0.0, 0.0, 0.013026841387469198, 0.0, 0.0)"
163,0,15,5,"(0.1792078360399821, 0.13151103531888653, 0.15112437981031296, 0.16344142439650497, 0.0, 0.0, 0.0, 0.013026841387469198, 0.0, 0.0)","(0.1792078360399821, 0.13151103531888653, 0.15112437981031296, 0.16344142439650497, 0.0, 0.0, 0.0, 0.023003528133041032, 0.0, 0.0)"
164,0,16,3,"(0.15978083447096003, 0.0, 0.0, 0.0, 0.0, 0.1610216772562336, 0.06112273872331793, 0.0, 0.26164733843979077, 0.011342770631760854)","(0.14165956378699857, 0.0, 0.0, 0.0, 0.0, 0.1610216772562336, 0.05483596950530334, 0.0, 0.26164733843979077, 0.008119137777391811)"
165,0,16,5,"(0.1792078360399821, 0.13151103531888653, 0.15112437981031296, 0.16344142439650497, 0.0, 0.0, 0.0, 0.013026841387469198, 0.0, 0.0)","(0.2908562988035709, 0.2039304240347561, 0.15112437981031296, 0.16344142439650497, 0.0, 0.0, 0.0, 0.013026841387469198, 0.0, 0.0)"
166,0,0,3,"(0.15978083447096003, 0.0, 0.0, 0.0, 0.0, 0.08866332341038277, 0.06112273872331793, 0.0, 0.26164733843979077, 0.011342770631760854)","(0.15978083447096003, 0.0, 0.0, 0.0, 0.0, 0.08866332341038277, 0.06112273872331793, 0.0, 0.26164733843979077, 0.008970383263427093)"
167,0,0,5,"(0.1792078360399821, 0.13151103531888653, 0.15112437981031296, 0.16344142439650497, 0.0, 0.0, 0.0, 0.013026841387469198, 0.0, 0.0)","(0.1792078360399821, 0.13151103531888653, 0.15112437981031296, 0.16344142439650497, 0.0, 0.0, 0.0, 0.01560903595630185, 0.0, 0.0)"
168,0,0,5,"(0.1792078360399821, 0.13151103531888653, 0.15112437981031296, 0.16344142439650497, 0.0, 0.0, 0.0, 0.013026841387469198, 0.0, 0.0)","(0.5230764614476038, 0.13151103531888653, 0.15112437981031296, 0.16344142439650497, 0.0, 0.0, 0.0, 0.013026841387469198, 0.0, 0.0)"
169,0,5,3,"(0.15978083447096003, 0.0, 0.0, 0.0, 0.0, 0.1610216772562336, 0.06112273872331793, 0.0, 0.26164733843979077, 0.011342770631760854)","(0.10066909932611728, 0.0, 0.0, 0.0, 0.0, 0.1610216772562336, 0.06112273872331793, 0.0, 0.26164733843979077, 0.011342770631760854)"
170,0,5,5,"(0.1792078360399821, 0.13151103531888653, 0.15112437981031296, 0.16344142439650497, 0.0, 0.0, 0.0, 0.013026841387469198, 0.0, 0.0)","(0.1792078360399821, 0.13041190810383677, 0.15112437981031296, 0.16344142439650497, 0.0, 0.0, 0.0, 0.013026841387469198, 0.0, 0.0)"
171,0,6,5,"(0.1792078360399821, 0.13151103531888653, 0.15112437981031296, 0.16344142439650497, 0.0, 0.0, 0.0, 0.013026841387469198, 0.0, 0.0)","(0.27872214294702474, 0.13151103531888653, 0.15112437981031296, 0.16344142439650497, 0.0, 0.0, 0.0, 0.013026841387469198, 0.0, 0.0)"
172,0,7,5,"(0.1792078360399821, 0.13151103531888653, 0.15112437981031296, 0.16344142439650497, 0.0, 0.0, 0.0, 0.013026841387469198, 0.0, 0.0)","(0.06411414909678295, 0.13151103531888653, 0.15112437981031296, 0.16344142439650497, 0.0, 0.0, 0.0, 0.013026841387469198, 0.0, 0.0)"
173,0,8,5,"(0.1792078360399821, 0.13151103531888653, 0.15112437981031296, 0.16344142439650497, 0.0, 0.0, 0.0, 0.013026841387469198, 0.0, 0.0)","(0.1792078360399821, 0.13151103531888653, 0.15112437981031296, 0.16344142439650497, 0.0, 0.0, 0.0, 0.007296081320553005, 0.0, 0.0)"
174,0,11,3,"(0.15978083447096003, 0.0, 0.0, 0.0, 0.0, 0.1610216772562336, 0.06112273872331793, 0.0, 0.26164733843979077, 0.011342770631760854)","(0.15978083447096003, 0.0, 0.0, 0.0, 0.0, 0.1610216772562336, 0.07304160116928374, 0.0, 0.26164733843979077, 0.011342770631760854)"
175,0,12,9,"(0.1016848119491754, 0.16514218036350897, 0.0, 0.0, 0.0, 0.05964717490902346, 0.0, 0.0, 0.14534880549223067, 0.1449089225822706)","(0.1016848119491754, 0.16514218036350897, 0.0, 0.0, 0.0, 0.05341796539553443, 0.0, 0.0, 0.14534880549223067, 0.1449089225822706)"
176,0,19,9,"(0.1016848119491754, 0.16514218036350897, 0.0, 0.0, 0.0, 0.05964717490902346, 0.0, 0.0, 0.14534880549223067, 0.1449089225822706)","(0.09523572811908493, 0.16514218036350897, 0.0, 0.0, 0.0, 0.05964717490902346, 0.0, 0.0, 0.14534880549223067, 0.1449089225822706)"
177,0,19,5,"(0.1792078360399821, 0.13151103531888653, 0.15112437981031296, 0.16344142439650497, 0.0, 0.0, 0.0, 0.013026841387469198, 0.0, 0.0)","(0.1792078360399821, 0.09291838926400502, 0.14690903494728336, 0.16344142439650497, 0.0, 0.0, 0.0, 0.013026841387469198, 0.0, 0.0)"
178,0,5,5,"(0.1792078360399821, 0.13151103531888653, 0.15112437981031296, 0.16344142439650497, 0.0, 0.0, 0.0, 0.013026841387469198, 0.0, 0.0)","(0.18778185210833567, 0.13151103531888653, 0.15112437981031296, 0.1795053946642571, 0.0, 0.0, 0.0, 0.013026841387469198, 0.0, 0.0)"
179,0,12,5,"(0.1792078360399821, 0.13151103531888653, 0.15112437981031296, 0.16344142439650497, 0.0, 0.0, 0.0, 0.013026841387469198, 0.0, 0.0)","(0.1792078360399821, 0.13151103531888653, 0.17456067162012598, 0.16344142439650497, 0.0, 0.0, 0.0, 0.013026841387469198, 0.0, 0.0)"
180,0,20,3,"(0.15978083447096003, 0.0, 0.0, 0.0, 0.0, 0.1610216772562336, 0.06112273872331793, 0.0, 0.26164733843979077, 0.011342770631760854)","(0.15978083447096003, 0.0, 0.0, 0.0, 0.0, 0.1610216772562336, 0.036392017902962516, 0.0, 0.26164733843979077, 0.011342770631760854)"
181,0,6,3,"(0.15978083447096003, 0.0, 0.0, 0.0, 0.0, 0.1610216772562336, 0.06112273872331793, 0.0, 0.26164733843979077, 0.011342770631760854)","(0.13967430366086342, 0.0, 0.0, 0.0, 0.0, 0.1610216772562336, 0.06112273872331793, 0.0, 0.26164733843979077, 0.011342770631760854)"
182,0,8,5,"(0.1792078360399821, 0.13151103531888653, 0.15112437981031296, 0.16344142439650497, 0.0, 0.0, 0.0, 0.013026841387469198, 0.0, 0.0)","(0.08105197855890024, 0.13151103531888653, 0.15112437981031296, 0.16344142439650497, 0.0, 0.0, 0.0, 0.013026841387469198, 0.0, 0.0)"
183,0,10,5,"(0.1792078360399821, 0.13151103531888653, 0.15112437981031296, 0.16344142439650497, 0.0, 0.0, 0.0, 0.013026841387469198, 0.0, 0.0)","(0.1792078360399821, 0.13151103531888653, 0.15112437981031296, 0.2284843423167182, 0.0, 0.0, 0.0, 0.013026841387469198, 0.0, 0.0)"
184,0,10,9,"(0.1016848119491754, 0.16514218036350897, 0.0, 0.0, 0.0, 0.05964717490902346, 0.0, 0.0, 0.14534880549223067, 0.1449089225822706)","(0.1016848119491754, 0.16514218036350897, 0.0, 0.0, 0.0, 0.04473736094504125, 0.0, 0.0, 0.14534880549223067, 0.1449089225822706)"
185,0,19,5,"(0.1792078360399821, 0.13151103531888653, 0.15112437981031296, 0.16344142439650497, 0.0, 0.0, 0.0, 0.013026841387469198, 0.0, 0.0)","(0.1792078360399821, 0.13151103531888653, 0.2871687292026379, 0.16344142439650497, 0.0, 0.0, 0.0, 0.016238589731395164, 0.0, 0.0)"
186,0,19,5,"(0.1792078360399821, 0.13151103531888653, 0.15112437981031296, 0.16344142439650497, 0.0, 0.0, 0.0, 0.013026841387469198, 0.0, 0.0)","(0.1792078360399821, 0.13151103531888653, 0.15112437981031296, 0.22896981538244138, 0.0, 0.0, 0.0, 0.013026841387469198, 0.0, 0.0)"
187,0,0,5,"(0.1792078360399821, 0.13151103531888653, 0.15112437981031296, 0.16344142439650497, 0.0, 0.0, 0.0, 0.013026841387469198, 0.0, 0.0)","(0.1003289322045352, 0.13151103531888653, 0.15112437981031296, 0.16344142439650497, 0.0, 0.0, 0.0, 0.013026841387469198, 0.0, 0.0)"
188,0,3,5,"(0.1792078360399821, 0.13151103531888653, 0.15112437981031296, 0.16344142439650497, 0.0, 0.0, 0.0, 0.013026841387469198, 0.0, 0.0)","(0.1792078360399821, 0.13151103531888653, 0.15112437981031296, 0.16344142439650497, 0.0, 0.0, 0.0, 0.00841492466296632, 0.0, 0.0)"
189,0,1,3,"(0.13535883290857081, 0.0, 0.0, 0.0, 0.0, 0.1610216772562336, 0.06112273872331793, 0.0, 0.26164733843979077, 0.011342770631760854)","(0.13535883290857081, 0.0, 0.0, 0.0, 0.0, 0.19174806279681333, 0.06112273872331793, 0.0, 0.26164733843979077, 0.011342770631760854)"
190,0,9,3,"(0.15978083447096003, 0.0, 0.0, 0.0, 0.0, 0.1610216772562336, 0.06112273872331793, 0.0, 0.1445307831737131, 0.011342770631760854)","(0.15978083447096003, 0.0, 0.0, 0.0, 0.0, 0.1610216772562336, 0.04789418026210609, 0.0, 0.1445307831737131, 0.011342770631760854)"
191,0,11,5,"(0.1792078360399821, 0.13151103531888653, 0.15112437981031296, 0.16344142439650497, 0.0, 0.0, 0.0, 0.013026841387469198, 0.0, 0.0)","(0.2396892804967317, 0.13151103531888653, 0.15112437981031296, 0.16344142439650497, 0.0, 0.0, 0.0, 0.013026841387469198, 0.0, 0.0)"
192,0,13,4,"(0.10724196544958095, 0.0883180702870557, 0.0, 0.0, 0.26258359679082327, 0.0, 0.006977264034027059, 0.1086012402169001, 0.024623093408164966, 0.0)","(0.10724196544958095, 0.0883180702870557, 0.0, 0.0, 0.26258359679082327, 0.0, 0.008451924952718652, 0.1086012402169001, 0.024623093408164966, 0.0)"
193,0,3,5,"(0.1792078360399821, 0.15496880530521978, 0.15112437981031296, 0.16344142439650497, 0.0, 0.0, 0.0, 0.013026841387469198, 0.0, 0.0)","(0.17147317206361165, 0.3238462673440453, 0.14460180623150265, 0.3476141553564723, 0.0, 0.0, 0.0, 0.01246459900436788, 0.0, 0.0)"
194,0,16,5,"(0.1792078360399821, 0.13151103531888653, 0.15112437981031296, 0.16344142439650497, 0.0, 0.0, 0.0, 0.013026841387469198, 0.0, 0.0)","(0.1792078360399821, 0.12961255435948746, 0.1799159332943939, 0.1133520889993108, 0.0, 0.0, 0.0, 0.013026841387469198, 0.0, 0.0)"
195,0,4,5,"(0.1792078360399821, 0.13151103531888653, 0.15112437981031296, 0.16344142439650497, 0.0, 0.0, 0.0, 0.013026841387469198, 0.0, 0.0)","(0.1792078360399821, 0.13151103531888653, 0.15112437981031296, 0.16344142439650497, 0.0, 0.0, 0.0, 0.009017288498202637, 0.0, 0.0)"
196,0,8,5,"(0.1792078360399821, 0.13151103531888653, 0.15112437981031296, 0.16344142439650497, 0.0, 0.0, 0.0, 0.013026841387469198, 0.0, 0.0)","(0.13080286431238872, 0.13151103531888653, 0.15112437981031296, 0.16344142439650497, 0.0, 0.0, 0.0, 0.013026841387469198, 0.0, 0.0)"
197,0,8,5,"(0.1792078360399821, 0.13151103531888653, 0.15112437981031296, 0.16344142439650497, 0.0, 0.0, 0.0, 0.013026841387469198, 0.0, 0.0)","(0.1792078360399821, 0.13151103531888653, 0.09050291990938812, 0.16344142439650497, 0.0, 0.0, 0.0, 0.019692246201108956, 0.0, 0.0)"
198,0,6,3,"(0.15978083447096003, 0.0, 0.0, 0.0, 0.0, 0.1610216772562336, 0.06112273872331793, 0.0, 0.26164733843979077, 0.011342770631760854)","(0.15978083447096003, 0.0, 0.0, 0.0, 0.0, 0.1610216772562336, 0.06112273872331793, 0.0, 0.26164733843979077, 0.015760394190391946)"
199,0,10,3,"(0.15978083447096003, 0.0, 0.0, 0.0, 0.0, 0.1610216772562336, 0.06112273872331793, 0.0, 0.26164733843979077, 0.011342770631760854)","(0.15978083447096003, 0.0, 0.0, 0.0, 0.0, 0.1610216772562336, 0.045949735872783275, 0.0, 0.26164733843979077, 0.011342770631760854)"
200,0,13,3,"(0.15978083447096003, 0.0, 0.0, 0.0, 0.0, 0.1610216772562336, 0.06112273872331793, 0.0, 0.26164733843979077, 0.011342770631760854)","(0.15978083447096003, 0.0, 0.0, 0.0, 0.0, 0.1610216772562336, 0.06112273872331793, 0.0, 0.26164733843979077, 0.016983302503998585)"
201,0,13,3,"(0.15978083447096003, 0.0, 0.0, 0.0, 0.0, 0.1610216772562336, 0.06112273872331793, 0.0, 0.26164733843979077, 0.011342770631760854)","(0.15978083447096003, 0.0, 0.0, 0.0, 0.0, 0.1610216772562336, 0.04978340242169781, 0.0, 0.6051022911338867, 0.011342770631760854)"
202,0,0,3,"(0.15978083447096003, 0.0, 0.0, 0.0, 0.0, 0.1610216772562336, 0.06112273872331793, 0.0, 0.26164733843979077, 0.011342770631760854)","(0.15978083447096003, 0.0, 0.0, 0.0, 0.0, 0.1610216772562336, 0.05875701618594989, 0.0, 0.26164733843979077, 0.011342770631760854)"
203,0,4,5,"(0.1792078360399821, 0.13151103531888653, 0.15112437981031296, 0.16344142439650497, 0.0, 0.0, 0.0, 0.013026841387469198, 0.0, 0.0)","(0.2695238461560245, 0.13151103531888653, 0.15112437981031296, 0.16344142439650497, 0.0, 0.0, 0.0, 0.013026841387469198, 0.0, 0.0)"
204,0,6,5,"(0.1792078360399821, 0.13151103531888653, 0.15112437981031296, 0.16344142439650497, 0.0, 0.0, 0.0, 0.013026841387469198, 0.0, 0.0)","(0.16663119922919156, 0.13151103531888653, 0.11666399115294182, 0.16344142439650497, 0.0, 0.0, 0.0, 0.007625956073113332, 0.0, 0.0)"
205,0,10,9,"(0.1016848119491754, 0.16514218036350897, 0.0, 0.0, 0.0, 0.05964717490902346, 0.0, 0.0, 0.14534880549223067, 0.1449089225822706)","(0.14283077837367267, 0.10257394837546166, 0.0, 0.0, 0.0, 0.05964717490902346, 0.0, 0.0, 0.14534880549223067, 0.1449089225822706)"
206,0,11,5,"(0.1792078360399821, 0.13151103531888653, 0.15112437981031296, 0.16344142439650497, 0.0, 0.0, 0.0, 0.013026841387469198, 0.0, 0.0)","(0.12697988102114105, 0.13151103531888653, 0.15112437981031296, 0.16344142439650497, 0.0, 0.0, 0.0, 0.013026841387469198, 0.0, 0.0)"
207,0,13,4,"(0.10724196544958095, 0.0883180702870557, 0.0, 0.0, 0.26258359679082327, 0.0, 0.006977264034027059, 0.1086012402169001, 0.024623093408164966, 0.0)","(0.10724196544958095, 0.07421725905123243, 0.0, 0.0, 0.26258359679082327, 0.0, 0.006977264034027059, 0.1086012402169001, 0.024623093408164966, 0.0)"
208,0,17,3,"(0.15978083447096003, 0.0, 0.0, 0.0, 0.0, 0.1610216772562336, 0.06112273872331793, 0.0, 0.26164733843979077, 0.011342770631760854)","(0.14990124434717722, 0.0, 0.0, 0.0, 0.0, 0.1610216772562336, 0.06112273872331793, 0.0, 0.26164733843979077, 0.011342770631760854)"
209,0,7,5,"(0.1792078360399821, 0.13151103531888653, 0.15112437981031296, 0.16344142439650497, 0.0, 0.0, 0.0, 0.013026841387469198, 0.0, 0.0)","(0.19199700173101344, 0.13151103531888653, 0.15861005447984103, 0.16344142439650497, 0.0, 0.0, 0.0, 0.013026841387469198, 0.0, 0.0)"
210,0,19,9,"(0.1016848119491754, 0.16514218036350897, 0.0, 0.0, 0.0, 0.05964717490902346, 0.0, 0.0, 0.14534880549223067, 0.1449089225822706)","(0.1016848119491754, 0.12289221296376143, 0.0, 0.0, 0.0, 0.05964717490902346, 0.0, 0.0, 0.31118436644794245, 0.1449089225822706)"
211,0,4,5,"(0.1792078360399821, 0.13151103531888653, 0.15112437981031296, 0.16344142439650497, 0.0, 0.0, 0.0, 0.013026841387469198, 0.0, 0.0)","(0.1792078360399821, 0.13151103531888653, 0.15112437981031296, 0.16344142439650497, 0.0, 0.0, 0.0, 0.015375251668322619, 0.0, 0.0)"
212,0,16,5,"(0.1792078360399821, 0.13151103531888653, 0.15112437981031296, 0.16344142439650497, 0.0, 0.0, 0.0, 0.013026841387469198, 0.0, 0.0)","(0.08180329130845018, 0.13151103531888653, 0.15112437981031296, 0.16344142439650497, 0.0, 0.0, 0.0, 0.013026841387469198, 0.0, 0.0)"
213,0,1,3,"(0.15978083447096003, 0.0, 0.0, 0.0, 0.0, 0.1610216772562336, 0.06112273872331793, 0.0, 0.26164733843979077, 0.011342770631760854)","(0.15978083447096003, 0.0, 0.0, 0.0, 0.0, 0.1610216772562336, 0.048428851597441085, 0.0, 0.26164733843979077, 0.011342770631760854)"
214,0,13,3,"(0.15978083447096003, 0.0, 0.0, 0.0, 0.0, 0.1610216772562336, 0.06112273872331793, 0.0, 0.26164733843979077, 0.011342770631760854)","(0.19559876988389474, 0.0, 0.0, 0.0, 0.0, 0.1610216772562336, 0.06112273872331793, 0.0, 0.26164733843979077, 0.011342770631760854)"
215,0,7,5,"(0.1792078360399821, 0.13151103531888653, 0.15112437981031296, 0.16344142439650497, 0.0, 0.0, 0.0, 0.013026841387469198, 0.0, 0.0)","(0.1792078360399821, 0.13151103531888653, 0.15112437981031296, 0.16344142439650497, 0.0, 0.0, 0.0, 0.014239971567081991, 0.0, 0.0)"
216,0,3,5,"(0.1792078360399821, 0.13151103531888653, 0.15112437981031296, 0.16344142439650497, 0.0, 0.0, 0.0, 0.013026841387469198, 0.0, 0.0)","(0.4226809501490405, 0.13151103531888653, 0.15112437981031296, 0.16344142439650497, 0.0, 0.0, 0.0, 0.013026841387469198, 0.0, 0.0)"
217,0,17,5,"(0.1792078360399821, 0.13151103531888653, 0.15112437981031296, 0.16344142439650497, 0.0, 0.0, 0.0, 0.013026841387469198, 0.0, 0.0)","(0.1792078360399821, 0.13151103531888653, 0.15112437981031296, 0.16344142439650497, 0.0, 0.0, 0.0, 0.018828960652920754, 0.0, 0.0)"
218,0,3,5,"(0.1792078360399821, 0.13151103531888653, 0.15112437981031296, 0.16344142439650497, 0.0, 0.0, 0.0, 0.013026841387469198, 0.0, 0.0)","(0.19391071635387416, 0.13151103531888653, 0.219749933424179, 0.16344142439650497, 0.0, 0.0, 0.0, 0.013026841387469198, 0.0, 0.0)"
219,0,3,5,"(0.1792078360399821, 0.13151103531888653, 0.15112437981031296, 0.16344142439650497, 0.0, 0.0, 0.0, 0.013026841387469198, 0.0, 0.0)","(0.1792078360399821, 0.13151103531888653, 0.15112437981031296, 0.21508922892835058, 0.0, 0.0, 0.0, 0.013026841387469198, 0.0, 0.0)"
220,0,3,5,"(0.1792078360399821, 0.13151103531888653, 0.15112437981031296, 0.16344142439650497, 0.0, 0.0, 0.0, 0.013026841387469198, 0.0, 0.0)","(0.1792078360399821, 0.15174147498622906, 0.15112437981031296, 0.16344142439650497, 0.0, 0.0, 0.0, 0.013026841387469198, 0.0, 0.0)"
221,0,9,5,"(0.1792078360399821, 0.13151103531888653, 0.15112437981031296, 0.16344142439650497, 0.0, 0.0, 0.0, 0.013026841387469198, 0.0, 0.0)","(0.12115248194295652, 0.13151103531888653, 0.15112437981031296, 0.16344142439650497, 0.0, 0.0, 0.0, 0.013026841387469198, 0.0, 0.0)"
222,0,11,9,"(0.1016848119491754, 0.16514218036350897, 0.0, 0.0, 0.0, 0.05964717490902346, 0.0, 0.0, 0.14534880549223067, 0.1449089225822706)","(0.1016848119491754, 0.16514218036350897, 0.0, 0.0, 0.0, 0.05964717490902346, 0.0, 0.0, 0.10467010717204349, 0.1449089225822706)"
223,0,19,5,"(0.1792078360399821, 0.13151103531888653, 0.15112437981031296, 0.16344142439650497, 0.0, 0.0, 0.0, 0.013026841387469198, 0.0, 0.0)","(0.1792078360399821, 0.13151103531888653, 0.15112437981031296, 0.19655039960762444, 0.0, 0.0, 0.0, 0.013026841387469198, 0.0, 0.0)"
224,0,9,5,"(0.1792078360399821, 0.13151103531888653, 0.15112437981031296, 0.16344142439650497, 0.0, 0.0, 0.0, 0.013026841387469198, 0.0, 0.0)","(0.1792078360399821, 0.1440044358644719, 0.15112437981031296, 0.16344142439650497, 0.0, 0.0, 0.0, 0.013026841387469198, 0.0, 0.0)"
225,0,16,5,"(0.1792078360399821, 0.13151103531888653, 0.15112437981031296, 0.16344142439650497, 0.0, 0.0, 0.0, 0.013026841387469198, 0.0, 0.0)","(0.1672549994521397, 0.13151103531888653, 0.15112437981031296, 0.16344142439650497, 0.0, 0.0, 0.0, 0.013026841387469198, 0.0, 0.0)"
226,0,10,5,"(0.1792078360399821, 0.13151103531888653, 0.15112437981031296, 0.16344142439650497, 0.0, 0.0, 0.0, 0.013026841387469198, 0.0, 0.0)","(0.12617991902965087, 0.13151103531888653, 0.15112437981031296, 0.2796303032538187, 0.0, 0.0, 0.0, 0.013026841387469198, 0.0, 0.0)"
227,0,17,5,"(0.1792078360399821, 0.13151103531888653, 0.15112437981031296, 0.16344142439650497, 0.0, 0.0, 0.0, 0.013026841387469198, 0.0, 0.0)","(0.1792078360399821, 0.09763368061872928, 0.15692071986493022, 0.16344142439650497, 0.0, 0.0, 0.0, 0.007207313531172618, 0.0, 0.0)"
228,0,13,4,"(0.10724196544958095, 0.0883180702870557, 0.0, 0.0, 0.26258359679082327, 0.0, 0.006977264034027059, 0.1086012402169001, 0.024623093408164966, 0.0)","(0.10724196544958095, 0.0893304101207692, 0.0, 0.0, 0.24257708944884118, 0.0, 0.00597553560201117, 0.1086012402169001, 0.024623093408164966, 0.0)"
229,0,17,5,"(0.1792078360399821, 0.13151103531888653, 0.15112437981031296, 0.16344142439650497, 0.0, 0.0, 0.0, 0.013026841387469198, 0.0, 0.0)","(0.15068449562957476, 0.13151103531888653, 0.15112437981031296, 0.16344142439650497, 0.0, 0.0, 0.0, 0.013026841387469198, 0.0, 0.0)"
