,round,tube,sp_div_H,tot_pop_0,tot_final_pop,tot_auc,mean_fc,deg_score,nut_score
0,0.0,0.0,0.7743845578498414,40.0,484.0,24267.0,12.099987900012101,0.602160962209286,0.583895907982604
1,0.0,1.0,0.5561226197358902,40.0,866.0,57568.0,21.649978350021648,0.4587579630395008,0.6302834573778571
2,0.0,2.0,0.9441884293522598,40.0,616.0,56697.0,15.3999846000154,0.362489389405267,0.49999997363083115
3,0.0,3.0,1.0307648374981873,40.0,457.0,29791.0,11.424988575011426,0.546023944846717,0.6476670251931288
4,0.0,4.0,0.7678465051497114,40.0,782.0,65015.0,19.54998045001955,0.4649060760318019,0.5944312249920356
5,0.0,5.0,0.632572777644905,40.0,374.0,38602.0,9.34999065000935,0.2779204038491435,0.33328396007449956
6,0.0,6.0,1.1149599705452906,40.0,341.0,20640.0,8.524991475008525,0.5039200958310228,0.49999999465094613
7,0.0,7.0,0.5604621842897677,40.0,684.0,67252.0,17.0999829000171,0.3594241237307221,0.9997380274454213
8,0.0,8.0,0.708026275405067,40.0,917.0,90460.0,22.924977075022923,0.30071698268414104,0.9996989386473041
9,0.0,9.0,0.8572107638674499,40.0,415.0,34580.0,10.374989625010375,0.3527837531714523,0.499974032789095
10,0.0,10.0,0.9825353853213783,40.0,795.0,58916.0,19.874980125019874,0.4730836847088835,0.9257414092083959
11,0.0,11.0,0.5795191858583343,40.0,142.0,11032.0,3.5499964500035506,0.32592742785575346,0.27416970179733
12,0.0,12.0,0.3662199033617194,40.0,396.0,50542.0,9.899990100009902,0.21792211452934207,0.499999934008438
13,0.0,13.0,0.4428224375041148,40.0,253.0,11481.0,6.324993675006325,0.48901408248021194,0.45384946722065367
14,0.0,14.0,0.91436507444918,40.0,836.0,63658.0,20.899979100020904,0.49411353085800735,0.999738078042396
15,0.0,15.0,1.0497196316482684,40.0,631.0,55695.0,15.774984225015777,0.44353926238838415,0.5693543550783071
16,0.0,16.0,0.8410759435585952,40.0,731.0,68946.0,18.27498172501827,0.32108981771837297,0.9997131079689616
17,0.0,17.0,0.2484898512764953,40.0,413.0,55044.0,10.324989675010325,0.21443872412383214,0.4999999676818434
18,0.0,18.0,1.1636576880715577,40.0,770.0,60832.0,19.24998075001925,0.4016617263180142,0.7593249993817509
19,0.0,19.0,0.48699973791420015,40.0,490.0,55277.0,12.24998775001225,0.2707823028901938,0.9997599307601422
20,0.0,20.0,0.8632487229520924,40.0,278.0,12721.0,6.94999305000695,0.513269982202734,0.4634103428601042
21,1.0,0.0,0.6773849352601296,5.0,384.0,12848.0,77.16634361251712,0.4466270546919824,0.4608401409686129
22,1.0,1.0,-0.0,12.0,451.0,37601.0,37.58330201391499,0.2513747622966487,0.29289321232612386
23,1.0,2.0,0.5737306544467804,7.0,775.0,59155.0,148.7489104268992,0.3460008663697759,0.4999999441044336
24,1.0,3.0,-0.0,3.0,263.0,3173.0,65.74967125164373,0.15840528945090748,0.2776675361060056
25,1.0,4.0,0.5454228995862621,4.0,808.0,52904.0,197.99870667731102,0.444831849889037,0.49999990844918285
26,1.0,5.0,-0.0,1.0,628.0,40587.0,627.9937200627993,0.22241385910899758,0.292893180544868
27,1.0,6.0,0.6810971138759453,3.0,213.0,8367.0,75.74939625526869,0.31127680922634793,0.28513796414829506
28,1.0,7.0,0.463078925017228,6.0,779.0,64780.0,129.83290055699814,0.3247577662935265,0.9997096928789821
29,1.0,8.0,0.6736741325660929,10.0,971.0,87914.0,133.81196711186922,0.27566543935608623,0.9998969188789549
30,1.0,9.0,0.6857210983853104,2.0,419.0,21572.0,209.49790502094976,0.21923420426743423,0.2928931866521758
31,1.0,10.0,-0.0,4.0,624.0,41120.0,103.99948000259998,0.2228315556548267,0.29368883081121266
32,1.0,11.0,-0.0,1.0,115.0,7991.0,114.99885001149988,0.2036094458876765,0.1339745703965165
33,1.0,12.0,0.022727473318271,4.0,588.0,50437.0,98.66633111229629,0.14087605322005248,0.49999998700502923
34,1.0,13.0,-0.0,1.0,151.0,2950.0,150.99849001509983,0.22299720580369697,0.2212251530583581
35,1.0,14.0,0.5479108996367802,5.0,864.0,59530.0,141.55462815579497,0.4419095664904624,0.4999999469925889
36,1.0,15.0,0.5071951948860827,5.0,888.0,55071.0,147.9992600037,0.4430323396597735,0.5003433066129024
37,1.0,16.0,0.6244699210824829,6.0,647.0,59472.0,146.6988866104267,0.22738373936492262,0.7771188760498331
38,1.0,17.0,-0.0,3.0,489.0,52773.0,162.99945666847776,0.12736755104137443,0.4999999725834433
39,1.0,18.0,0.7437795893433412,10.0,672.0,51888.0,60.12204973756197,0.3983359174276614,0.5531063272003081
40,1.0,19.0,0.42115972577068095,4.0,617.0,49058.0,154.24922875385624,0.2314221623782916,0.9998133421114221
41,1.0,20.0,-0.0,2.0,83.0,1818.0,41.49958500414996,0.10128303973794739,0.11631423627050363
42,2.0,0.0,0.6391133373029769,7.0,439.0,15314.0,98.24921959080062,0.4757361104032145,0.49055250017476937
43,2.0,1.0,-0.0,2.0,452.0,27937.0,225.99887000564996,0.25065846120106516,0.292893181602495
44,2.0,2.0,0.6272681620933652,7.0,755.0,56829.0,163.74871876221863,0.3494648389152061,0.49999990978915554
45,2.0,3.0,-0.0,3.0,837.0,20316.0,278.9990700031,0.3590664511446081,0.8561795475791087
46,2.0,4.0,0.5352952544835552,7.0,838.0,59755.0,148.9989600096499,0.4435108817273784,0.4999998918478129
47,2.0,5.0,-0.0,4.0,560.0,47547.0,139.99965000087502,0.22097082797210887,0.29289318265401054
48,2.0,6.0,-0.0,4.0,97.0,7217.0,24.249939375151566,0.20129776647545905,0.13397458677000074
49,2.0,7.0,0.4194040647376507,7.0,817.0,63390.0,99.84970955103465,0.331586164696945,0.9997645909437044
50,2.0,8.0,0.6828620822761088,17.0,894.0,84338.0,67.5287113483138,0.2759530217854459,0.9489874978411104
51,2.0,9.0,0.4512101136543501,3.0,413.0,26393.0,189.24819376763105,0.2507378069074261,0.2928931996540609
52,2.0,10.0,-0.0,8.0,495.0,47464.0,61.87492265634668,0.22039737047608188,0.29289320290643517
53,2.0,11.0,-0.0,3.0,121.0,8539.0,40.333198889337034,0.2033679221424668,0.13397458757919178
54,2.0,12.0,-0.0,6.0,470.0,55984.0,78.33320277799538,0.1271751033558297,0.49999998624991193
55,2.0,13.0,-0.0,2.0,118.0,2199.0,58.99970500147499,0.17514441128866587,0.17865131170501303
56,2.0,14.0,0.5554686185362303,8.0,812.0,54202.0,142.85609021407103,0.44060001518142966,0.49999997678291297
57,2.0,15.0,-0.0,6.0,596.0,49766.0,74.49981375046563,0.22365729914275434,0.294395062931615
58,2.0,16.0,0.577686536798617,11.0,639.0,63853.0,68.36087084985391,0.24292819598568727,0.9998691656669912
59,2.0,17.0,-0.0,4.0,515.0,57590.0,128.7496781258047,0.12977684107824117,0.49999997599535817
60,2.0,18.0,0.6873131464002649,5.0,695.0,48519.0,203.1233297033006,0.3776532688916302,0.4999999441120342
61,2.0,19.0,0.014654633616741741,11.0,491.0,59354.0,24.9999705000745,0.13449420594929973,0.5011109855214193
62,2.0,20.0,-0.0,1.0,40.0,1191.0,39.99960000399996,0.07092602411867954,0.079668320737877
63,3.0,0.0,-0.0,5.0,136.0,997.0,22.666591111362962,0.21030201673012594,0.13469381600569907
64,3.0,1.0,-0.0,6.0,457.0,998.0,76.1665397224338,0.25250773250887515,0.29289319568345473
65,3.0,2.0,0.6471722974963172,8.0,678.0,1000.0,149.99877001191416,0.3503327517029714,0.4999999090138427
66,3.0,3.0,-0.0,8.0,651.0,1000.0,81.37489828137716,0.34585870100812754,0.7936664030656795
67,3.0,4.0,0.522895362771276,9.0,807.0,1001.0,81.8331483338037,0.44835080365906677,0.49999997706659083
68,3.0,5.0,-0.0,5.0,578.0,997.0,115.59976880046241,0.2195990567450795,0.2928932107592118
69,3.0,6.0,-0.0,2.0,119.0,994.0,59.49970250148749,0.2052870053335426,0.13397459597329886
70,3.0,7.0,0.5694276958846547,7.0,686.0,999.0,130.49904917558462,0.3243223218824276,0.7771130569381166
71,3.0,8.0,0.6729290853196171,8.0,983.0,1000.0,147.41609347481503,0.2780560979463067,0.999855378199342
72,3.0,9.0,0.47031962659009147,2.0,396.0,994.0,197.9980200197998,0.251765245617395,0.29289319269902925
73,3.0,10.0,-0.0,6.0,526.0,998.0,87.66652055579908,0.21945469492225322,0.29289320647047723
74,3.0,11.0,-0.0,2.0,144.0,994.0,71.99964000179999,0.20543550575369118,0.13397459224949226
75,3.0,12.0,-0.0,3.0,415.0,995.0,138.33287222375924,0.12875179045493912,0.45257260397679944
76,3.0,13.0,0.0,1.0,0.0,993.0,0.0,0.002084813442470801,0.002117711986899029
77,3.0,14.0,0.5378268135871549,12.0,861.0,1004.0,128.6808057536765,0.43592248431621106,0.49999992059474285
78,3.0,15.0,-0.0,9.0,568.0,1001.0,63.11104098773224,0.2231396199122242,0.29289317574552776
79,3.0,16.0,0.5986225272076834,4.0,741.0,996.0,194.1653127893573,0.24487237738936996,0.9997584596459097
80,3.0,17.0,-0.0,6.0,390.0,998.0,64.99989166684722,0.12078645439521374,0.45257401842973755
81,3.0,18.0,0.6924177829779055,6.0,707.0,998.0,134.24943500255938,0.3743571373541109,0.49999994063438347
82,3.0,19.0,-0.0,3.0,446.0,995.0,148.66617111276295,0.12124774154730289,0.45257729617136866
83,3.0,20.0,-0.0,1.0,25.0,959.0,24.999750002499972,0.05869695453977741,0.06220767704990282
84,4.0,0.0,-0.0,4.0,120.0,269.0,29.999925000187503,0.20398999369547188,0.13397456047841938
85,4.0,1.0,-0.0,4.0,492.0,269.0,122.99969250076876,0.25151587915921114,0.29289321178071226
86,4.0,2.0,0.6497434742631396,6.0,718.0,271.0,173.39863721288546,0.3551528019481911,0.4999999054409213
87,4.0,3.0,-0.0,7.0,664.0,272.0,94.85700734713237,0.34459241907416227,0.7936592639031997
88,4.0,4.0,0.5526646224944003,7.0,783.0,272.0,143.99897250958742,0.44460407221447673,0.4999999421147109
89,4.0,5.0,-0.0,4.0,566.0,269.0,141.49964625088438,0.22218642455336524,0.29289317434601136
90,4.0,6.0,-0.0,1.0,156.0,266.0,155.99844001559984,0.20541280797377282,0.13397459258103706
91,4.0,7.0,-0.0,2.0,603.0,267.0,301.49849250753743,0.12987793224003719,0.49999998949489033
92,4.0,8.0,0.6795799464448672,9.0,864.0,274.0,98.97477061303738,0.2780601787156549,0.9310878721910751
93,4.0,9.0,-0.0,3.0,555.0,268.0,184.99938333538887,0.24977474468211402,0.29289319939612735
94,4.0,10.0,-0.0,1.0,751.0,266.0,750.9924900750992,0.22568432535959326,0.29289319970867866
95,4.0,11.0,-0.0,2.0,177.0,267.0,88.49955750221248,0.20318879433710757,0.13397457862638262
96,4.0,12.0,-0.0,1.0,565.0,266.0,564.9943500564993,0.12704840874127943,0.4999999893939704
97,4.0,13.0,0.0,0.0,0.0,265.0,,0.0,0.0
98,4.0,14.0,-0.0,10.0,635.0,275.0,35.27773858029047,0.2199986315684077,0.2938650787070366
99,4.0,15.0,-0.0,4.0,584.0,269.0,145.99963500091252,0.22377635475133995,0.2928931705050575
100,4.0,16.0,0.6238262001237513,8.0,712.0,273.0,86.19977760061147,0.2575437054323718,0.9997105482987625
101,4.0,17.0,-0.0,4.0,518.0,269.0,129.4996762508094,0.13088287503677187,0.4999999860369566
102,4.0,18.0,0.6786858966370725,5.0,725.0,270.0,156.16596944765183,0.3714983928566533,0.4999999049401007
103,4.0,19.0,-0.0,3.0,504.0,268.0,167.99944000186665,0.1315966621846849,0.499999991111984
104,4.0,20.0,-0.0,1.0,6.0,256.0,5.999940000599993,0.016620951936271777,0.01722639771797796
105,5.0,0.0,-0.0,1.0,167.0,1733.0,166.9983300166998,0.20363599946404332,0.13397457481454944
106,5.0,1.0,-0.0,6.0,448.0,1738.0,74.66654222242964,0.25232934282938746,0.29289318220836413
107,5.0,2.0,0.6365141682948128,5.0,732.0,1737.0,142.33275722465092,0.35189831157446083,0.4999999127860906
108,5.0,3.0,-0.0,5.0,679.0,1737.0,135.79972840054322,0.3437002245984848,0.7936557885444526
109,5.0,4.0,0.5238511001845547,6.0,841.0,1738.0,157.29895340941312,0.44475053182179736,0.49999992427228945
110,5.0,5.0,-0.0,7.0,534.0,1739.0,76.28560530627814,0.22187755286676136,0.29289318635107564
111,5.0,6.0,-0.0,2.0,132.0,1734.0,65.99967000164999,0.1995626994203813,0.1339745919725206
112,5.0,7.0,-0.0,8.0,397.0,1740.0,49.62493796882754,0.12193679505718702,0.4525727363828824
113,5.0,8.0,0.6456317898517409,9.0,896.0,1741.0,100.58307930626691,0.272043759434511,0.9997535627285644
114,5.0,9.0,-0.0,4.0,492.0,1736.0,122.99969250076876,0.2502618779921285,0.2928931829244166
115,5.0,10.0,-0.0,2.0,632.0,1734.0,315.99842000789994,0.22086940563776836,0.29289320850170186
116,5.0,11.0,-0.0,5.0,121.0,1737.0,24.199951600096803,0.2056811041840909,0.13397456189792267
117,5.0,12.0,-0.0,5.0,425.0,1737.0,84.99983000034001,0.11997620313477131,0.4525708498784142
118,5.0,13.0,0.0,0.0,0.0,1732.0,,0.0,0.0
119,5.0,14.0,-0.0,8.0,584.0,1740.0,72.99990875011406,0.21645868985761485,0.2928931876641755
120,5.0,15.0,-0.0,5.0,557.0,1737.0,111.39977720044561,0.22202135597615347,0.2928931699266606
121,5.0,16.0,0.6278579041152417,7.0,638.0,1739.0,94.54965715145445,0.23962108481888478,0.7771253189097643
122,5.0,17.0,-0.0,5.0,479.0,1737.0,95.79980840038321,0.12856455179852433,0.4999999991644789
123,5.0,18.0,0.6931419776372902,10.0,620.0,1742.0,61.99987600024801,0.3783339522568733,0.499999990952533
124,5.0,19.0,-0.0,5.0,496.0,1737.0,99.19980160039681,0.1320672478921845,0.4999999352668205
125,5.0,20.0,-0.0,1.0,78.0,1688.0,77.99922000779992,0.09487424753380935,0.10479237160804289
126,6.0,0.0,-0.0,1.0,140.0,416.0,139.99860001399986,0.2067508270736068,0.1339745916419024
127,6.0,1.0,-0.0,2.0,499.0,417.0,249.49875250623745,0.24917344939624542,0.29289318689151234
128,6.0,2.0,0.6566395362686537,7.0,741.0,422.0,103.91636923698016,0.35922793028256206,0.4999999246843426
129,6.0,3.0,-0.0,13.0,625.0,428.0,48.076886094703006,0.35147650031607036,0.8673400158897355
130,6.0,4.0,0.5186617582250229,15.0,810.0,430.0,49.14993355010105,0.4389039299045763,0.4999998736187897
131,6.0,5.0,-0.0,5.0,542.0,420.0,108.3997832004336,0.22286323524064588,0.2928931783924663
132,6.0,6.0,0.0,1.0,0.0,416.0,0.0,0.001261721107931213,0.0013257953146952328
133,6.0,7.0,-0.0,3.0,538.0,418.0,179.33273555754815,0.13063519453705386,0.49999998172127835
134,6.0,8.0,0.6608677754702232,3.0,1108.0,418.0,450.49601253728713,0.2763554455073063,0.9998871648484471
135,6.0,9.0,-0.0,5.0,511.0,420.0,102.1997956004088,0.2513931459349249,0.29289320905117266
136,6.0,10.0,-0.0,5.0,533.0,420.0,106.5997868004264,0.2210929278526892,0.2928931987783838
137,6.0,11.0,0.0,1.0,0.0,416.0,0.0,0.001576940810631866,0.0017120930638060416
138,6.0,12.0,-0.0,7.0,404.0,422.0,57.71420326542391,0.12522861123239737,0.4525653759364272
139,6.0,13.0,0.0,0.0,0.0,415.0,,0.0,0.0
140,6.0,14.0,-0.0,6.0,590.0,421.0,98.3331694447176,0.22111421523587715,0.29289318555792854
141,6.0,15.0,-0.0,5.0,593.0,420.0,118.59976280047441,0.2233377880114471,0.29289318012618226
142,6.0,16.0,0.6042267703014161,8.0,626.0,423.0,123.14189694799,0.2319360110047548,0.7771353360196471
143,6.0,17.0,-0.0,6.0,389.0,421.0,64.83322527795788,0.11923874197952655,0.45257753960659663
144,6.0,18.0,0.62873713231134,8.0,769.0,423.0,96.12475968810078,0.36167846439935825,0.4999998983317784
145,6.0,19.0,-0.0,6.0,398.0,421.0,66.33322277796204,0.12039233226996593,0.45256989877449794
146,6.0,20.0,-0.0,1.0,15.0,406.0,14.999850001499984,0.025712254748420094,0.02776033328092964
147,7.0,0.0,-0.0,1.0,130.0,870.0,129.99870001299985,0.20403714311568844,0.13397459621463104
148,7.0,1.0,-0.0,2.0,469.0,871.0,234.49882750586247,0.2514380300409137,0.2928931877077504
149,7.0,2.0,0.6913253247965512,7.0,696.0,876.0,102.3746928134388,0.3677350444996721,0.4999999233823861
150,7.0,3.0,-0.0,10.0,586.0,879.0,58.599941400058604,0.3414137485859624,0.7936576854576948
151,7.0,4.0,0.5066766992591676,4.0,831.0,873.0,195.16544945416842,0.447663357217303,0.49999994241154533
152,7.0,5.0,-0.0,6.0,548.0,875.0,91.33318111136482,0.22502185007020248,0.29289318548397425
153,7.0,6.0,0.0,0.0,0.0,869.0,,0.0,0.0
154,7.0,7.0,-0.0,6.0,398.0,875.0,66.33322277796204,0.12218998401371384,0.45256787462524606
155,7.0,8.0,0.6925143235227449,11.0,1012.0,880.0,114.08302128567709,0.28095851989756127,0.9310751565787849
156,7.0,9.0,-0.0,4.0,499.0,873.0,124.7496881257797,0.2468353841749984,0.29289319992240925
157,7.0,10.0,-0.0,5.0,588.0,874.0,117.59976480047041,0.2231093621282152,0.2928931730448002
158,7.0,11.0,0.0,0.0,0.0,869.0,,0.0,0.0
159,7.0,12.0,0.0,2.0,0.0,871.0,0.0,0.00018589939758295593,0.0011410911533425994
160,7.0,13.0,0.0,0.0,0.0,869.0,,0.0,0.0
161,7.0,14.0,-0.0,2.0,587.0,871.0,293.4985325073375,0.21886464056186627,0.292893196306642
162,7.0,15.0,-0.0,3.0,592.0,872.0,197.33267555774813,0.22335617829264554,0.2928931776868057
163,7.0,16.0,0.6101681951055486,7.0,732.0,876.0,106.04962365157394,0.25199363882842996,0.9997668305946514
164,7.0,17.0,-0.0,5.0,443.0,874.0,88.5998228003544,0.12093771448463186,0.45257467696030196
165,7.0,18.0,0.6217865049233768,5.0,702.0,874.0,135.33279055782313,0.35671508708142496,0.4999998776153668
166,7.0,19.0,-0.0,3.0,550.0,872.0,183.33272222425924,0.13056788283760945,0.49999999682747376
167,7.0,20.0,-0.0,1.0,37.0,847.0,36.99963000369996,0.05145830512021843,0.05768744634507206
168,8.0,0.0,-0.0,3.0,106.0,16.0,35.333215555948144,0.20504305932086253,0.13397456055746682
169,8.0,1.0,-0.0,4.0,464.0,17.0,115.999710000725,0.2529863688893701,0.2928931758053589
170,8.0,2.0,0.6241193836311869,8.0,787.0,21.0,162.92727154314053,0.35078967700682295,0.4999998910938478
171,8.0,3.0,-0.0,6.0,635.0,19.0,105.83315694473843,0.34415201323158484,0.7936554150591546
172,8.0,4.0,0.5291882484588907,9.0,807.0,22.0,89.6068550267205,0.4398900116093736,0.49999994198939435
173,8.0,5.0,-0.0,1.0,646.0,14.0,645.9935400645993,0.2223972641651113,0.2928931807955333
174,8.0,6.0,0.0,0.0,0.0,13.0,,0.0,0.0
175,8.0,7.0,-0.0,2.0,584.0,15.0,291.99854000729994,0.12906243058416844,0.49999994037685536
176,8.0,8.0,0.692621594228721,8.0,1203.0,21.0,203.74914292068263,0.2866238285202589,0.9997194432250031
177,8.0,9.0,-0.0,1.0,510.0,14.0,509.99490005099943,0.25178613134721106,0.2928931953014341
178,8.0,10.0,-0.0,5.0,568.0,18.0,113.5997728004544,0.22476754151749445,0.29289318231111494
179,8.0,11.0,0.0,0.0,0.0,13.0,,0.0,0.0
180,8.0,12.0,0.0,0.0,0.0,13.0,,0.0,0.0
181,8.0,13.0,0.0,0.0,0.0,13.0,,0.0,0.0
182,8.0,14.0,-0.0,7.0,600.0,20.0,85.71416326548105,0.21750325595438058,0.2928931871607685
183,8.0,15.0,-0.0,4.0,620.0,17.0,154.99961250096877,0.22148012274712692,0.29289316420711564
184,8.0,16.0,-0.0,8.0,486.0,21.0,34.71423612251983,0.13006761040658532,0.5000553777221906
185,8.0,17.0,-0.0,6.0,461.0,19.0,76.83320527799121,0.13066272876422247,0.4999999224445687
186,8.0,18.0,0.6431894722450864,5.0,737.0,18.0,163.1659211146046,0.3620656803219683,0.49999991132089516
187,8.0,19.0,-0.0,4.0,409.0,17.0,102.24974437563907,0.1189484506164451,0.4525735945870898
188,8.0,20.0,0.0,1.0,0.0,13.0,0.0,0.0008797048524308293,0.0007701717583191714
189,9.0,0.0,0.0,1.0,0.0,8.0,0.0,0.0006310288539108644,0.0006635607648560748
190,9.0,1.0,-0.0,5.0,396.0,29838.0,79.1998416003168,0.2524048535435245,0.2928931932083151
191,9.0,2.0,0.6377508001544403,8.0,743.0,54663.0,103.41628680722616,0.36139867785092417,0.4999999497550114
192,9.0,3.0,-0.0,10.0,622.0,28786.0,62.1999378000622,0.34341154320787337,0.7936729683894412
193,9.0,4.0,0.592431807356973,8.0,798.0,53374.0,152.5702549091929,0.4424706654730589,0.49999902468770907
194,9.0,5.0,-0.0,9.0,539.0,47999.0,59.88882234575295,0.22092491227894206,0.2928931801382215
195,9.0,6.0,0.0,0.0,0.0,0.0,,0.0,0.0
196,9.0,7.0,-0.0,9.0,485.0,54642.0,53.88882901241221,0.13178365479325493,0.49999993680418
197,9.0,8.0,0.6559218543160668,15.0,922.0,89299.0,106.53802420329676,0.27548625324724596,0.9997546925588502
198,9.0,9.0,-0.0,6.0,456.0,34776.0,75.99987333354444,0.2497150109940477,0.29289317770412115
199,9.0,10.0,-0.0,7.0,586.0,45594.0,83.71416612261983,0.223626565098757,0.29289320729105195
200,9.0,11.0,0.0,0.0,0.0,0.0,,0.0,0.0
201,9.0,12.0,0.0,0.0,0.0,0.0,,0.0,0.0
202,9.0,13.0,0.0,0.0,0.0,0.0,,0.0,0.0
203,9.0,14.0,-0.0,10.0,539.0,48629.0,53.8999461000539,0.22233322766834496,0.2928931818691446
204,9.0,15.0,-0.0,4.0,661.0,43186.0,165.24958687603282,0.21846012696586747,0.29289318155529487
205,9.0,16.0,-0.0,7.0,425.0,48904.0,60.714198979715746,0.11954263119851771,0.45257991003896125
206,9.0,17.0,-0.0,6.0,420.0,53972.0,69.99988333352778,0.11862380998167987,0.4525773926333585
207,9.0,18.0,0.6098481915543417,7.0,753.0,57248.0,103.49971000082917,0.36206642505130704,0.49999989620599483
208,9.0,19.0,-0.0,4.0,476.0,55263.0,118.99970250074377,0.13155643618971014,0.4999999769407619
209,9.0,20.0,0.0,0.0,0.0,0.0,,0.0,0.0
210,10.0,0.0,0.0,0.0,0.0,0.0,,0.0,0.0
211,10.0,1.0,-0.0,8.0,418.0,8.0,52.24993468758164,0.2520947416165793,0.29289318575659595
212,10.0,2.0,0.5918720990487105,10.0,771.0,10.0,138.38777957868925,0.3558519213164645,0.4999999363335754
213,10.0,3.0,-0.0,4.0,641.0,4.0,160.24959937600158,0.344224693289065,0.7936401380025263
214,10.0,4.0,0.5484560047118451,8.0,795.0,8.0,137.78470745851783,0.4462964396239557,0.49999993581441093
215,10.0,5.0,-0.0,5.0,594.0,5.0,118.7997624004752,0.22312751157786437,0.29289318005711273
216,10.0,6.0,0.0,0.0,0.0,0.0,,0.0,0.0
217,10.0,7.0,-0.0,8.0,409.0,8.0,51.12493609382989,0.11759580960064975,0.45257438577506914
218,10.0,8.0,0.6746734434845972,13.0,955.0,13.0,92.78309043963215,0.2661017598494204,0.999859177849557
219,10.0,9.0,-0.0,5.0,476.0,5.0,95.1998096003808,0.25006642731208717,0.2928932133137606
220,10.0,10.0,-0.0,8.0,521.0,8.0,65.12491859385176,0.22721269567144753,0.29289318931300057
221,10.0,11.0,0.0,0.0,0.0,0.0,,0.0,0.0
222,10.0,12.0,0.0,0.0,0.0,0.0,,0.0,0.0
223,10.0,13.0,0.0,0.0,0.0,0.0,,0.0,0.0
224,10.0,14.0,-0.0,4.0,566.0,4.0,141.49964625088438,0.2251957779066298,0.29289317993727493
225,10.0,15.0,-0.0,13.0,569.0,13.0,43.76919710061762,0.22140790389685416,0.29289316779096464
226,10.0,16.0,-0.0,3.0,612.0,3.0,203.99932000226664,0.12739595339492893,0.4999999699102885
227,10.0,17.0,-0.0,5.0,496.0,5.0,99.19980160039681,0.13086258262708994,0.49999999079707325
228,10.0,18.0,0.6306561984513994,8.0,729.0,8.0,153.6416219506971,0.35216411619530574,0.49999988532817674
229,10.0,19.0,-0.0,3.0,602.0,3.0,200.6659977800074,0.13124450886738148,0.49999995192888913
230,10.0,20.0,0.0,0.0,0.0,0.0,,0.0,0.0
231,11.0,0.0,0.0,0.0,0.0,0.0,,0.0,0.0
232,11.0,1.0,-0.0,2.0,417.0,2.0,208.49895750521247,0.25355038227663906,0.2928931839817873
233,11.0,2.0,0.632768449836324,9.0,753.0,9.0,97.89249676182158,0.35496009709722376,0.4999999069890363
234,11.0,3.0,-0.0,10.0,572.0,10.0,57.1999428000572,0.3411199043840081,0.793659509345555
235,11.0,4.0,0.5909086722358373,9.0,799.0,9.0,96.7139493382063,0.4462349921326577,0.49999995262709496
236,11.0,5.0,-0.0,3.0,609.0,3.0,202.99932333558888,0.22364503973518424,0.29289317678354865
237,11.0,6.0,0.0,0.0,0.0,0.0,,0.0,0.0
238,11.0,7.0,-0.0,3.0,598.0,3.0,199.33266889110368,0.1295063892261743,0.49999999178812504
239,11.0,8.0,0.6915852651817087,4.0,1038.0,4.0,259.49870250648746,0.2851911930058011,0.9999118900784623
240,11.0,9.0,-0.0,5.0,430.0,5.0,85.99982800034401,0.2481705370281908,0.2928931977364295
241,11.0,10.0,-0.0,4.0,568.0,4.0,141.9996450008875,0.22606800036431207,0.29289319793029145
242,11.0,11.0,0.0,0.0,0.0,0.0,,0.0,0.0
243,11.0,12.0,0.0,0.0,0.0,0.0,,0.0,0.0
244,11.0,13.0,0.0,0.0,0.0,0.0,,0.0,0.0
245,11.0,14.0,-0.0,9.0,553.0,9.0,61.44437617291537,0.2210361761770182,0.29289320253501727
246,11.0,15.0,-0.0,5.0,577.0,5.0,115.3997692004616,0.22303864729314926,0.2928931879198635
247,11.0,16.0,-0.0,8.0,460.0,8.0,57.499928125089845,0.12683437842005718,0.4999999735777958
248,11.0,17.0,-0.0,9.0,466.0,9.0,51.77772024697751,0.13235494142201354,0.4999999754501768
249,11.0,18.0,-0.0,5.0,560.0,5.0,111.99977600044801,0.22216833651509493,0.2928931881536755
250,11.0,19.0,-0.0,4.0,423.0,4.0,105.74973562566095,0.1179432498306856,0.4525670875231399
251,11.0,20.0,0.0,0.0,0.0,0.0,,0.0,0.0
252,12.0,0.0,0.0,0.0,0.0,0.0,,0.0,0.0
253,12.0,1.0,-0.0,1.0,508.0,1.0,507.99492005079946,0.25078364120102126,0.2928931660841927
254,12.0,2.0,0.6931430989217391,4.0,700.0,4.0,174.99912500437497,0.37412603565317915,0.499999907464146
255,12.0,3.0,-0.0,8.0,589.0,8.0,73.62490796886505,0.3430338850922192,0.7936544493593319
256,12.0,4.0,-0.0,6.0,528.0,6.0,87.99985333357779,0.21931961709026648,0.29289319685629445
257,12.0,5.0,-0.0,5.0,560.0,5.0,111.99977600044801,0.22061046685843044,0.2928931770384392
258,12.0,6.0,0.0,0.0,0.0,0.0,,0.0,0.0
259,12.0,7.0,-0.0,3.0,509.0,3.0,169.66610111299627,0.13300390552981856,0.49999999145300567
260,12.0,8.0,0.6874256372636894,12.0,1048.0,12.0,91.42840767376961,0.286130708857392,0.9998390176124777
261,12.0,9.0,-0.0,7.0,471.0,7.0,67.28561816340263,0.25003175460606086,0.2928932085965188
262,12.0,10.0,-0.0,4.0,571.0,4.0,142.7496431258922,0.22616210436648176,0.29289319534202074
263,12.0,11.0,0.0,0.0,0.0,0.0,,0.0,0.0
264,12.0,12.0,0.0,0.0,0.0,0.0,,0.0,0.0
265,12.0,13.0,0.0,0.0,0.0,0.0,,0.0,0.0
266,12.0,14.0,-0.0,7.0,594.0,7.0,84.85702163282625,0.21980630963144754,0.29289317876082577
267,12.0,15.0,-0.0,6.0,581.0,6.0,96.83317194471343,0.21917102863132143,0.29289319975782546
268,12.0,16.0,-0.0,7.0,388.0,7.0,55.42849224501108,0.1207185507769013,0.45256876770251697
269,12.0,17.0,-0.0,5.0,533.0,5.0,106.5997868004264,0.1377335470720863,0.49999992662289916
270,12.0,18.0,-0.0,4.0,572.0,4.0,142.99964250089377,0.2200305685081454,0.2928931920107345
271,12.0,19.0,-0.0,6.0,510.0,6.0,84.99985833356945,0.1289826910117594,0.49999996071349706
272,12.0,20.0,0.0,0.0,0.0,0.0,,0.0,0.0
273,13.0,0.0,0.0,0.0,0.0,0.0,,0.0,0.0
274,13.0,1.0,-0.0,6.0,431.0,6.0,71.83321361131065,0.2520104764044536,0.29289317723326846
275,13.0,2.0,0.6921323091505793,6.0,666.0,6.0,126.74946562742343,0.36925178371561107,0.49999994711983653
276,13.0,3.0,-0.0,9.0,645.0,9.0,71.66658703712552,0.36084251439761517,0.996045560597788
277,13.0,4.0,-0.0,7.0,572.0,7.0,81.71416897975861,0.22225526818243058,0.2928931923307846
278,13.0,5.0,-0.0,4.0,617.0,4.0,154.2496143759641,0.22469987263539348,0.29289316598077353
279,13.0,6.0,0.0,0.0,0.0,0.0,,0.0,0.0
280,13.0,7.0,-0.0,3.0,531.0,3.0,176.99941000196665,0.12714887082115778,0.4999999933711258
281,13.0,8.0,0.6783644599371452,21.0,927.0,21.0,48.70667698647079,0.2782540967755651,0.9997234160897435
282,13.0,9.0,-0.0,5.0,497.0,5.0,99.3998012003976,0.25008457692632513,0.2928931811158326
283,13.0,10.0,-0.0,5.0,548.0,5.0,109.59978080043841,0.2264160565001453,0.29289316899130013
284,13.0,11.0,0.0,0.0,0.0,0.0,,0.0,0.0
285,13.0,12.0,0.0,0.0,0.0,0.0,,0.0,0.0
286,13.0,13.0,0.0,0.0,0.0,0.0,,0.0,0.0
287,13.0,14.0,-0.0,8.0,595.0,8.0,74.37490703136622,0.22013490266050184,0.29289318822636656
288,13.0,15.0,-0.0,7.0,579.0,7.0,82.71416755118922,0.22071672862214076,0.29289319756216625
289,13.0,16.0,-0.0,7.0,399.0,7.0,56.9999185715449,0.12006792294673341,0.4525759087382728
290,13.0,17.0,-0.0,3.0,464.0,3.0,154.66615111282962,0.1276457744563353,0.4999999844573175
291,13.0,18.0,-0.0,4.0,557.0,4.0,139.2496518758703,0.22224886891258133,0.2928931793240296
292,13.0,19.0,-0.0,7.0,446.0,7.0,63.71419469400758,0.12006160077716899,0.452575812495956
293,13.0,20.0,0.0,0.0,0.0,0.0,,0.0,0.0
294,14.0,0.0,0.0,0.0,0.0,0.0,,0.0,0.0
295,14.0,1.0,-0.0,7.0,421.0,7.0,60.14277122461254,0.25280900512872806,0.2928932057428151
296,14.0,2.0,0.6911530733704347,3.0,792.0,3.0,303.24743127336853,0.3711463386950452,0.49999989894020336
297,14.0,3.0,-0.0,5.0,699.0,5.0,139.7997204005592,0.34265614777225417,0.7936457386139448
298,14.0,4.0,-0.0,5.0,559.0,5.0,111.79977640044721,0.2171500939667399,0.29289318245885043
299,14.0,5.0,-0.0,5.0,577.0,5.0,115.3997692004616,0.22368811958396184,0.2928931838601644
300,14.0,6.0,0.0,0.0,0.0,0.0,,0.0,0.0
301,14.0,7.0,-0.0,6.0,468.0,6.0,77.99987000021667,0.12912485022839193,0.49999997437187493
302,14.0,8.0,0.685015688868146,13.0,903.0,13.0,91.11642232853285,0.2747357394394476,0.9346150589021651
303,14.0,9.0,-0.0,4.0,473.0,4.0,118.24970437573907,0.2507909281956392,0.29289320104231753
304,14.0,10.0,-0.0,5.0,559.0,5.0,111.79977640044721,0.22620825081376783,0.29289320317256207
305,14.0,11.0,0.0,0.0,0.0,0.0,,0.0,0.0
306,14.0,12.0,0.0,0.0,0.0,0.0,,0.0,0.0
307,14.0,13.0,0.0,0.0,0.0,0.0,,0.0,0.0
308,14.0,14.0,-0.0,7.0,577.0,7.0,82.42845367363762,0.21852973247715946,0.29289317703429607
309,14.0,15.0,-0.0,4.0,539.0,4.0,134.7496631258422,0.21713070952498215,0.2928931660135501
310,14.0,16.0,-0.0,3.0,434.0,3.0,144.66618444605183,0.11876297212891707,0.45257621781732993
311,14.0,17.0,-0.0,5.0,400.0,5.0,79.99984000032,0.120072344020701,0.4525805477927922
312,14.0,18.0,-0.0,4.0,591.0,4.0,147.74963062592346,0.22252372214483218,0.2928931748250335
313,14.0,19.0,-0.0,8.0,367.0,8.0,45.87494265632168,0.11888233480173482,0.45257995792325667
314,14.0,20.0,0.0,0.0,0.0,0.0,,0.0,0.0
315,15.0,0.0,0.0,0.0,0.0,0.0,,0.0,0.0
316,15.0,1.0,-0.0,3.0,471.0,3.0,156.9994766684111,0.24895722753003613,0.29289320155328213
317,15.0,2.0,0.6599229759063807,12.0,710.0,12.0,59.166568055719914,0.35572830541502587,0.4999999436357294
318,15.0,3.0,-0.0,3.0,605.0,3.0,201.66599444668518,0.345755203964182,0.7936447665673874
319,15.0,4.0,-0.0,9.0,537.0,9.0,59.66660037044404,0.21754622113964917,0.29289318682950227
320,15.0,5.0,-0.0,9.0,556.0,9.0,61.77770913587874,0.2216967751188711,0.29289318460715286
321,15.0,6.0,0.0,0.0,0.0,0.0,,0.0,0.0
322,15.0,7.0,-0.0,4.0,562.0,4.0,140.49964875087812,0.12759762057459112,0.4999999922963275
323,15.0,8.0,0.6889631973230408,9.0,1083.0,9.0,120.59972805062078,0.2847246502838273,0.9998164400691835
324,15.0,9.0,-0.0,4.0,468.0,4.0,116.99970750073126,0.251207375946929,0.29289318492370653
325,15.0,10.0,-0.0,4.0,563.0,4.0,140.7496481258797,0.227696801856052,0.29289321744175034
326,15.0,11.0,0.0,0.0,0.0,0.0,,0.0,0.0
327,15.0,12.0,0.0,0.0,0.0,0.0,,0.0,0.0
328,15.0,13.0,0.0,0.0,0.0,0.0,,0.0,0.0
329,15.0,14.0,-0.0,4.0,617.0,4.0,154.2496143759641,0.21719203643969187,0.29289319486809773
330,15.0,15.0,-0.0,5.0,551.0,5.0,110.1997796004408,0.2160261617552831,0.29289320387619033
331,15.0,16.0,-0.0,5.0,389.0,5.0,77.7998444003112,0.12064522907034014,0.45257011930082724
332,15.0,17.0,-0.0,6.0,519.0,6.0,86.49985583357362,0.12785002026525294,0.49999995055255886
333,15.0,18.0,-0.0,6.0,583.0,6.0,97.16650472249214,0.2227533845703672,0.2928932051795503
334,15.0,19.0,-0.0,5.0,419.0,5.0,83.7998324003352,0.12056897149484247,0.452577447442264
335,15.0,20.0,0.0,0.0,0.0,0.0,,0.0,0.0
336,16.0,0.0,0.0,0.0,0.0,0.0,,0.0,0.0
337,16.0,1.0,-0.0,10.0,426.0,10.0,42.599957400042605,0.25110422541256905,0.29289318776552653
338,16.0,2.0,-0.0,1.0,726.0,1.0,725.9927400725992,0.22274466430316187,0.2928931906134593
339,16.0,3.0,-0.0,4.0,611.0,4.0,152.7496181259547,0.3427778266240311,0.793644201361959
340,16.0,4.0,-0.0,7.0,563.0,7.0,80.42845653077639,0.2168928537474658,0.2928931957809161
341,16.0,5.0,-0.0,9.0,538.0,9.0,59.77771135809849,0.22204136685036424,0.2928931889308213
342,16.0,6.0,0.0,0.0,0.0,0.0,,0.0,0.0
343,16.0,7.0,-0.0,6.0,405.0,6.0,67.4998875001875,0.12026178083285943,0.4525695778022678
344,16.0,8.0,0.67057985784573,11.0,893.0,11.0,118.05508216273091,0.277899675283099,0.999688612351693
345,16.0,9.0,-0.0,2.0,504.0,2.0,251.99874000629995,0.24945884786031292,0.2928932053636184
346,16.0,10.0,-0.0,7.0,576.0,7.0,82.28559673486181,0.2251291392794611,0.2928931858936209
347,16.0,11.0,0.0,0.0,0.0,0.0,,0.0,0.0
348,16.0,12.0,0.0,0.0,0.0,0.0,,0.0,0.0
349,16.0,13.0,0.0,0.0,0.0,0.0,,0.0,0.0
350,16.0,14.0,-0.0,2.0,687.0,2.0,343.49828250858747,0.21848025495216872,0.29289318833932076
351,16.0,15.0,-0.0,2.0,584.0,2.0,291.99854000729994,0.2144382485105143,0.292893193058097
352,16.0,16.0,-0.0,2.0,554.0,2.0,276.998615006925,0.11860512440149629,0.45257458292573116
353,16.0,17.0,-0.0,3.0,493.0,3.0,164.33278555738147,0.12625047769643427,0.49999998215111763
354,16.0,18.0,-0.0,8.0,536.0,8.0,66.99991625010469,0.2212841173108544,0.2928931788261655
355,16.0,19.0,-0.0,9.0,382.0,9.0,42.44439728400302,0.11773034269892746,0.4525784495536691
356,16.0,20.0,0.0,0.0,0.0,0.0,,0.0,0.0
357,17.0,0.0,0.0,0.0,0.0,0.0,,0.0,0.0
358,17.0,1.0,-0.0,5.0,459.0,5.0,91.7998164003672,0.2522030246927329,0.2928931713418499
359,17.0,2.0,-0.0,7.0,558.0,7.0,79.71417183689738,0.2217294134351614,0.2928931925231891
360,17.0,3.0,-0.0,9.0,665.0,9.0,73.88880679021469,0.3462813775962591,0.7936637842295806
361,17.0,4.0,-0.0,8.0,579.0,8.0,72.37490953136309,0.21760689134568478,0.2928931779760685
362,17.0,5.0,-0.0,1.0,633.0,1.0,632.9936700632993,0.22529462823460755,0.29289317456238617
363,17.0,6.0,0.0,0.0,0.0,0.0,,0.0,0.0
364,17.0,7.0,-0.0,4.0,401.0,4.0,100.24974937562656,0.12360254044195451,0.4525666527654396
365,17.0,8.0,0.6926095942979777,7.0,1098.0,7.0,159.3745278139263,0.2869004524737747,0.99975800481127
366,17.0,9.0,-0.0,5.0,437.0,5.0,87.39982520034961,0.24978351803917387,0.2928931959033275
367,17.0,10.0,-0.0,2.0,608.0,2.0,303.99848000759994,0.22514009520994116,0.29289317485742095
368,17.0,11.0,0.0,0.0,0.0,0.0,,0.0,0.0
369,17.0,12.0,0.0,0.0,0.0,0.0,,0.0,0.0
370,17.0,13.0,0.0,0.0,0.0,0.0,,0.0,0.0
371,17.0,14.0,-0.0,6.0,634.0,6.0,105.66649055584908,0.21856200392726421,0.2928931727330566
372,17.0,15.0,-0.0,5.0,520.0,5.0,103.99979200041601,0.21031215912983925,0.2928931904991241
373,17.0,16.0,-0.0,5.0,405.0,5.0,80.999838000324,0.1213425127988419,0.45257186788929626
374,17.0,17.0,-0.0,11.0,461.0,11.0,41.909052809951994,0.13341227297922564,0.4999999918253122
375,17.0,18.0,-0.0,9.0,517.0,9.0,57.444380617354874,0.2201262373359677,0.29289319741761655
376,17.0,19.0,-0.0,3.0,525.0,3.0,174.9994166686111,0.13165649868909923,0.4999999429727796
377,17.0,20.0,0.0,0.0,0.0,0.0,,0.0,0.0
378,18.0,0.0,0.0,0.0,0.0,0.0,,0.0,0.0
379,18.0,1.0,-0.0,5.0,434.0,5.0,86.7998264003472,0.25140634282899155,0.2928931784178661
380,18.0,2.0,-0.0,4.0,535.0,4.0,133.74966562583595,0.22247698507995484,0.2928931893055674
381,18.0,3.0,-0.0,9.0,617.0,9.0,68.55547938280068,0.34272802845394046,0.7936410119582523
382,18.0,4.0,-0.0,8.0,620.0,8.0,77.4999031251211,0.2097743698534813,0.29289317508760593
383,18.0,5.0,-0.0,7.0,573.0,7.0,81.8570259185344,0.221555715051015,0.2928932022947349
384,18.0,6.0,0.0,0.0,0.0,0.0,,0.0,0.0
385,18.0,7.0,-0.0,7.0,494.0,7.0,70.57132775524607,0.1308764569547839,0.4999999408981207
386,18.0,8.0,0.6930560345629799,13.0,1111.0,13.0,86.05938969692224,0.28507710167745737,0.99973281085335
387,18.0,9.0,-0.0,3.0,518.0,3.0,172.6660911130296,0.2508538782829146,0.29289316931573495
388,18.0,10.0,-0.0,3.0,586.0,3.0,195.33268222439258,0.22702065434611018,0.29289318017291566
389,18.0,11.0,0.0,0.0,0.0,0.0,,0.0,0.0
390,18.0,12.0,0.0,0.0,0.0,0.0,,0.0,0.0
391,18.0,13.0,0.0,0.0,0.0,0.0,,0.0,0.0
392,18.0,14.0,-0.0,5.0,613.0,5.0,122.5997548004904,0.21979829863734146,0.2928931786321203
393,18.0,15.0,-0.0,2.0,571.0,2.0,285.49857250713745,0.21254473753057201,0.29289319153124593
394,18.0,16.0,-0.0,4.0,478.0,4.0,119.49970125074688,0.11928022433673158,0.4525737726364527
395,18.0,17.0,-0.0,5.0,480.0,5.0,95.99980800038401,0.13618555814545263,0.4999999947621403
396,18.0,18.0,-0.0,4.0,578.0,4.0,144.49963875090313,0.22063022547791322,0.2928931897080821
397,18.0,19.0,-0.0,2.0,585.0,2.0,292.49853750731245,0.12870963179922368,0.4999999565149975
398,18.0,20.0,0.0,0.0,0.0,0.0,,0.0,0.0
399,19.0,0.0,0.0,0.0,0.0,0.0,,0.0,0.0
400,19.0,1.0,-0.0,3.0,462.0,28770.0,153.99948666837776,0.24988242658927684,0.2928931785183069
401,19.0,2.0,-0.0,5.0,581.0,46009.0,116.19976760046481,0.22467716098597856,0.2928931788427369
402,19.0,3.0,-0.0,5.0,657.0,31238.0,131.3997372005256,0.34348278482632977,0.7936522433390938
403,19.0,4.0,-0.0,9.0,555.0,53677.0,61.66659814822428,0.21261750497886578,0.29289319775565104
404,19.0,5.0,-0.0,2.0,614.0,45440.0,306.99846500767495,0.22379834801078036,0.2928932109948128
405,19.0,6.0,0.0,0.0,0.0,0.0,,0.0,0.0
406,19.0,7.0,-0.0,4.0,529.0,53706.0,132.24966937582658,0.12842885910453228,0.49999998381859345
407,19.0,8.0,0.6831146048552859,11.0,990.0,90610.0,93.48195239199603,0.27507563325754814,0.9996981673709697
408,19.0,9.0,-0.0,6.0,486.0,35598.0,80.999865000225,0.24835186937939302,0.29289321733659945
409,19.0,10.0,-0.0,6.0,572.0,45438.0,95.33317444470927,0.23030497423976048,0.29289320260709706
410,19.0,11.0,0.0,0.0,0.0,0.0,,0.0,0.0
411,19.0,12.0,0.0,0.0,0.0,0.0,,0.0,0.0
412,19.0,13.0,0.0,0.0,0.0,0.0,,0.0,0.0
413,19.0,14.0,-0.0,8.0,598.0,53641.0,74.7499065626168,0.22163587874574397,0.2928931642607904
414,19.0,15.0,-0.0,3.0,520.0,45736.0,173.33275555748148,0.21042581059013454,0.2928931800566017
415,19.0,16.0,-0.0,3.0,487.0,55731.0,162.33279222402592,0.12993810599107858,0.4999999928502695
416,19.0,17.0,-0.0,4.0,484.0,53076.0,120.99969750075626,0.13273025263083638,0.49999993701907963
417,19.0,18.0,-0.0,1.0,682.0,38526.0,681.9931800681993,0.22111472947725974,0.29289317828320116
418,19.0,19.0,-0.0,7.0,415.0,47620.0,59.28562959195773,0.12077694197441446,0.45256591753239683
419,19.0,20.0,0.0,0.0,0.0,0.0,,0.0,0.0
420,20.0,0.0,0.0,0.0,0.0,0.0,,0.0,0.0
421,20.0,1.0,-0.0,3.0,463.0,3.0,154.3328188906037,0.25207741133283257,0.2928931863411869
422,20.0,2.0,-0.0,8.0,531.0,8.0,66.37491703135372,0.22234553727062956,0.29289319116754753
423,20.0,3.0,-0.0,7.0,591.0,7.0,84.42845081649884,0.34441882954196956,0.7936570301644141
424,20.0,4.0,-0.0,4.0,612.0,4.0,152.99961750095628,0.2077260183822074,0.29289319979707407
425,20.0,5.0,-0.0,7.0,556.0,7.0,79.42845795934578,0.2236654422037322,0.29289317525170944
426,20.0,6.0,0.0,0.0,0.0,0.0,,0.0,0.0
427,20.0,7.0,-0.0,8.0,424.0,8.0,52.99993375008282,0.12884176111638723,0.49999994940116155
428,20.0,8.0,0.6618514843285588,9.0,884.0,9.0,102.19976110056405,0.27558622532593113,0.9485163650113958
429,20.0,9.0,-0.0,8.0,433.0,8.0,54.12493234383457,0.2517308570941861,0.29289320459783896
430,20.0,10.0,-0.0,3.0,626.0,3.0,208.6659711134296,0.22736249167965006,0.2928932069823197
431,20.0,11.0,0.0,0.0,0.0,0.0,,0.0,0.0
432,20.0,12.0,0.0,0.0,0.0,0.0,,0.0,0.0
433,20.0,13.0,0.0,0.0,0.0,0.0,,0.0,0.0
434,20.0,14.0,-0.0,8.0,559.0,8.0,69.87491265635919,0.217316986184802,0.29289317809178517
435,20.0,15.0,-0.0,8.0,564.0,8.0,70.49991187511016,0.2093436710714064,0.29289318101115525
436,20.0,16.0,-0.0,4.0,551.0,4.0,137.74965562586095,0.12706006239929868,0.49999998122318834
437,20.0,17.0,-0.0,4.0,427.0,4.0,106.74973312566719,0.12025616982010368,0.45257680133817857
438,20.0,18.0,-0.0,6.0,578.0,6.0,96.33317277804538,0.22145143307807758,0.2928931900162861
439,20.0,19.0,-0.0,4.0,421.0,4.0,105.24973687565782,0.11998030673403526,0.45257893933261195
440,20.0,20.0,0.0,0.0,0.0,0.0,,0.0,0.0
441,21.0,0.0,0.0,0.0,0.0,0.0,,0.0,0.0
442,21.0,1.0,-0.0,4.0,379.0,4.0,94.7497631255922,0.25238032613837413,0.2928931710134228
443,21.0,2.0,-0.0,8.0,547.0,8.0,68.37491453135684,0.22550550447249973,0.2928931749858641
444,21.0,3.0,-0.0,7.0,574.0,7.0,81.99988285731021,0.34382687449064786,0.7936492639931387
445,21.0,4.0,-0.0,14.0,566.0,14.0,40.42854255104103,0.20652110421569359,0.29289318438237455
446,21.0,5.0,-0.0,12.0,539.0,12.0,44.916629236142306,0.22371760171491106,0.292893209343679
447,21.0,6.0,0.0,0.0,0.0,0.0,,0.0,0.0
448,21.0,7.0,-0.0,6.0,543.0,6.0,90.49984916691805,0.13276136162964147,0.49999996304847316
449,21.0,8.0,0.6602522242221269,11.0,886.0,11.0,89.74977322983207,0.27277763464141336,0.9997973854169478
450,21.0,9.0,-0.0,4.0,450.0,4.0,112.49971875070314,0.25090952108767495,0.2928931651964086
451,21.0,10.0,-0.0,6.0,562.0,6.0,93.66651055581575,0.22571540310407134,0.29289320455339274
452,21.0,11.0,0.0,0.0,0.0,0.0,,0.0,0.0
453,21.0,12.0,0.0,0.0,0.0,0.0,,0.0,0.0
454,21.0,13.0,0.0,0.0,0.0,0.0,,0.0,0.0
455,21.0,14.0,-0.0,8.0,607.0,8.0,75.87490515636856,0.21493266227667407,0.29289318792975194
456,21.0,15.0,-0.0,3.0,580.0,3.0,193.33268889103704,0.20858730281295423,0.2928931753876848
457,21.0,16.0,-0.0,6.0,510.0,6.0,84.99985833356945,0.13188914503523708,0.49999994601270903
458,21.0,17.0,-0.0,4.0,377.0,4.0,94.24976437558907,0.12114546808714388,0.4525726534318806
459,21.0,18.0,-0.0,8.0,591.0,8.0,73.87490765636544,0.22216818957710194,0.29289317311323615
460,21.0,19.0,-0.0,6.0,410.0,6.0,68.33321944463427,0.1197289916704769,0.45256618553799743
461,21.0,20.0,0.0,0.0,0.0,0.0,,0.0,0.0
462,22.0,0.0,0.0,0.0,0.0,0.0,,0.0,0.0
463,22.0,1.0,-0.0,2.0,457.0,2.0,228.49885750571246,0.25197111598074506,0.29289320091112947
464,22.0,2.0,-0.0,5.0,550.0,5.0,109.99978000044001,0.22247634041796482,0.2928931849766768
465,22.0,3.0,-0.0,9.0,612.0,9.0,67.9999244445284,0.34485283420116297,0.7936443029643275
466,22.0,4.0,-0.0,4.0,583.0,4.0,145.74963562591094,0.2081721168991265,0.29289318424269073
467,22.0,5.0,-0.0,9.0,566.0,9.0,62.88881901242332,0.222560911696271,0.2928931974144604
468,22.0,6.0,0.0,0.0,0.0,0.0,,0.0,0.0
469,22.0,7.0,-0.0,7.0,428.0,7.0,61.142769796043154,0.12254576234221404,0.4525727099805589
470,22.0,8.0,0.6921323091505793,10.0,999.0,10.0,103.12477843799348,0.2792465156879428,0.9997597163883768
471,22.0,9.0,-0.0,3.0,448.0,3.0,149.3328355572148,0.24947903549890937,0.2928931960382605
472,22.0,10.0,-0.0,3.0,545.0,3.0,181.66606111312962,0.22661525831635876,0.29289317193537523
473,22.0,11.0,0.0,0.0,0.0,0.0,,0.0,0.0
474,22.0,12.0,0.0,0.0,0.0,0.0,,0.0,0.0
475,22.0,13.0,0.0,0.0,0.0,0.0,,0.0,0.0
476,22.0,14.0,-0.0,7.0,600.0,7.0,85.71416326548105,0.2196556572469267,0.2928931644522377
477,22.0,15.0,-0.0,6.0,512.0,6.0,85.33319111134816,0.20898613909401254,0.2928931887555525
478,22.0,16.0,-0.0,5.0,479.0,5.0,95.79980840038321,0.12830987308680897,0.4999999804567383
479,22.0,17.0,-0.0,4.0,498.0,4.0,124.49968875077813,0.12674283405881204,0.49999993926040254
480,22.0,18.0,-0.0,3.0,575.0,3.0,191.6660277799074,0.2246130514821979,0.29289318557562993
481,22.0,19.0,-0.0,2.0,476.0,2.0,237.99881000594996,0.12151507491522118,0.45256628250057784
482,22.0,20.0,0.0,0.0,0.0,0.0,,0.0,0.0
483,23.0,0.0,0.0,0.0,0.0,0.0,,0.0,0.0
484,23.0,1.0,-0.0,7.0,421.0,7.0,60.14277122461254,0.25143078331004354,0.2928931904569546
485,23.0,2.0,-0.0,6.0,599.0,6.0,99.83316694472177,0.2224179992719244,0.29289317872033593
486,23.0,3.0,-0.0,4.0,787.0,4.0,196.7495081262297,0.3458525706234432,0.7936448769311318
487,23.0,4.0,-0.0,7.0,589.0,7.0,84.14273693894724,0.20605550477271795,0.2928932004348297
488,23.0,5.0,-0.0,4.0,543.0,4.0,135.74966062584843,0.2213880831541687,0.29289317655203273
489,23.0,6.0,0.0,0.0,0.0,0.0,,0.0,0.0
490,23.0,7.0,-0.0,4.0,524.0,4.0,130.99967250081875,0.13236440069485156,0.49999998572449067
491,23.0,8.0,0.6869828768828788,8.0,1163.0,8.0,145.37463656340861,0.2786025375952915,0.9997432209910355
492,23.0,9.0,-0.0,4.0,520.0,4.0,129.99967500081252,0.25084543911648394,0.29289319931787905
493,23.0,10.0,-0.0,4.0,614.0,4.0,153.49961625095938,0.22734995859302298,0.29289317987008723
494,23.0,11.0,0.0,0.0,0.0,0.0,,0.0,0.0
495,23.0,12.0,0.0,0.0,0.0,0.0,,0.0,0.0
496,23.0,13.0,0.0,0.0,0.0,0.0,,0.0,0.0
497,23.0,14.0,-0.0,1.0,674.0,1.0,673.9932600673993,0.21688058166324253,0.29289320526795537
498,23.0,15.0,-0.0,2.0,563.0,2.0,281.4985925070375,0.21103585229173427,0.29289321503356003
499,23.0,16.0,-0.0,3.0,506.0,3.0,168.6661044463185,0.12758597628717638,0.4999999882142725
500,23.0,17.0,-0.0,7.0,497.0,7.0,70.99989857157347,0.12966255981082186,0.4999999392455359
501,23.0,18.0,-0.0,4.0,610.0,4.0,152.49961875095315,0.22191187210151064,0.29289318515791785
502,23.0,19.0,-0.0,7.0,417.0,7.0,59.57134346950933,0.12456330357809675,0.452577943041758
503,23.0,20.0,0.0,0.0,0.0,0.0,,0.0,0.0
504,24.0,0.0,0.0,0.0,0.0,0.0,,0.0,0.0
505,24.0,1.0,-0.0,2.0,485.0,2.0,242.49878750606246,0.2525913144724711,0.29289320831823706
506,24.0,2.0,-0.0,3.0,578.0,3.0,192.66602444658517,0.22253794731639198,0.2928931762242112
507,24.0,3.0,-0.0,6.0,736.0,6.0,122.66646222256297,0.35601143315443784,0.8673524614843238
508,24.0,4.0,-0.0,7.0,592.0,7.0,84.57130775527465,0.20789906761618293,0.2928932174214429
509,24.0,5.0,-0.0,6.0,552.0,6.0,91.99984666692222,0.22010867046267424,0.2928931902338907
510,24.0,6.0,0.0,0.0,0.0,0.0,,0.0,0.0
511,24.0,7.0,-0.0,5.0,435.0,5.0,86.99982600034801,0.13189326423623038,0.49999998520287514
512,24.0,8.0,0.667798008448871,11.0,1008.0,11.0,92.94624342514032,0.2810068864165127,0.9997062437009042
513,24.0,9.0,-0.0,2.0,468.0,2.0,233.99883000584995,0.2506217444379045,0.2928931730376533
514,24.0,10.0,-0.0,5.0,585.0,5.0,116.99976600046801,0.22760583040796656,0.29289320271771857
515,24.0,11.0,0.0,0.0,0.0,0.0,,0.0,0.0
516,24.0,12.0,0.0,0.0,0.0,0.0,,0.0,0.0
517,24.0,13.0,0.0,0.0,0.0,0.0,,0.0,0.0
518,24.0,14.0,-0.0,7.0,563.0,7.0,80.42845653077639,0.219217450916823,0.29289316777587937
519,24.0,15.0,-0.0,8.0,502.0,8.0,62.74992156259805,0.2103060239239064,0.29289317549173355
520,24.0,16.0,-0.0,7.0,463.0,7.0,66.14276265319621,0.13244760036802106,0.499999950305292
521,24.0,17.0,-0.0,7.0,498.0,7.0,71.14275551034928,0.12970545153963997,0.499999993503359
522,24.0,18.0,-0.0,3.0,563.0,3.0,187.6660411131963,0.22117052149327066,0.29289317552574257
523,24.0,19.0,-0.0,4.0,445.0,4.0,111.24972187569531,0.12941752677297502,0.49999997909109917
524,24.0,20.0,0.0,0.0,0.0,0.0,,0.0,0.0
525,25.0,0.0,0.0,0.0,0.0,0.0,,0.0,0.0
526,25.0,1.0,-0.0,7.0,427.0,7.0,60.99991285726735,0.25203162253734757,0.29289319598852037
527,25.0,2.0,-0.0,5.0,588.0,5.0,117.59976480047041,0.22239675821760585,0.2928931805811761
528,25.0,3.0,-0.0,7.0,728.0,7.0,103.99985142878369,0.35106320689872494,0.867393332494028
529,25.0,4.0,-0.0,7.0,605.0,7.0,86.42844795936006,0.20636806203291613,0.2928931819395071
530,25.0,5.0,-0.0,9.0,566.0,9.0,62.88881901242332,0.22269766456377915,0.2928931943038676
531,25.0,6.0,0.0,0.0,0.0,0.0,,0.0,0.0
532,25.0,7.0,-0.0,5.0,440.0,5.0,87.999824000352,0.13494213815265743,0.4999999606580954
533,25.0,8.0,0.6724405061733967,10.0,1001.0,10.0,109.49971690558854,0.2767176377869883,0.999742507389941
534,25.0,9.0,-0.0,7.0,465.0,7.0,66.42847653074782,0.2497528416505529,0.2928931828825645
535,25.0,10.0,-0.0,8.0,540.0,8.0,67.49991562510547,0.22778644237613133,0.29289316875297355
536,25.0,11.0,0.0,0.0,0.0,0.0,,0.0,0.0
537,25.0,12.0,0.0,0.0,0.0,0.0,,0.0,0.0
538,25.0,13.0,0.0,0.0,0.0,0.0,,0.0,0.0
539,25.0,14.0,-0.0,6.0,627.0,6.0,104.49982583362362,0.21759607561606942,0.29289319726114904
540,25.0,15.0,-0.0,7.0,494.0,7.0,70.57132775524607,0.2101211237027779,0.29289318418287436
541,25.0,16.0,-0.0,7.0,500.0,7.0,71.42846938790088,0.12744185797400986,0.49999996056093476
542,25.0,17.0,-0.0,10.0,430.0,10.0,42.999957000043004,0.1302782160172905,0.4999999783422986
543,25.0,18.0,-0.0,10.0,568.0,10.0,56.7999432000568,0.22135023350863858,0.2928931824015951
544,25.0,19.0,-0.0,4.0,394.0,4.0,98.49975375061564,0.12216184989852885,0.4525682109993351
545,25.0,20.0,0.0,0.0,0.0,0.0,,0.0,0.0
546,26.0,0.0,0.0,0.0,0.0,0.0,,0.0,0.0
547,26.0,1.0,-0.0,1.0,489.0,1.0,488.9951100488995,0.25212140065843625,0.29289320195437907
548,26.0,2.0,-0.0,7.0,572.0,7.0,81.71416897975861,0.223844485053858,0.2928931764719359
549,26.0,3.0,-0.0,8.0,612.0,8.0,76.49990437511954,0.3527423355986341,0.8673320417557373
550,26.0,4.0,-0.0,4.0,573.0,4.0,143.24964187589532,0.2065669452417368,0.29289320061354507
551,26.0,5.0,-0.0,9.0,559.0,9.0,62.11104209884211,0.22343543188720727,0.2928932107826585
552,26.0,6.0,0.0,0.0,0.0,0.0,,0.0,0.0
553,26.0,7.0,-0.0,6.0,468.0,6.0,77.99987000021667,0.12575281203707156,0.4999999883869425
554,26.0,8.0,0.6930895946835894,14.0,1025.0,14.0,79.47764440270747,0.2848951699313097,0.9996710255205736
555,26.0,9.0,-0.0,8.0,468.0,8.0,58.49992687509141,0.2501246897777688,0.2928932033591206
556,26.0,10.0,-0.0,7.0,591.0,7.0,84.42845081649884,0.22592942572812058,0.29289317841198015
557,26.0,11.0,0.0,0.0,0.0,0.0,,0.0,0.0
558,26.0,12.0,0.0,0.0,0.0,0.0,,0.0,0.0
559,26.0,13.0,0.0,0.0,0.0,0.0,,0.0,0.0
560,26.0,14.0,-0.0,10.0,600.0,10.0,59.99994000006,0.22007987955120656,0.29289317994958286
561,26.0,15.0,-0.0,6.0,545.0,6.0,90.83318194469676,0.2127091862340591,0.2928931835486438
562,26.0,16.0,-0.0,6.0,393.0,6.0,65.49989083351528,0.12484064149111995,0.45257256761888154
563,26.0,17.0,-0.0,3.0,505.0,3.0,168.3327722240926,0.13292672050462218,0.49999999050168553
564,26.0,18.0,-0.0,1.0,635.0,1.0,634.9936500634993,0.22302678872192427,0.29289320595969304
565,26.0,19.0,-0.0,6.0,473.0,6.0,78.83320194466343,0.12843087223807148,0.4999999981231258
566,26.0,20.0,0.0,0.0,0.0,0.0,,0.0,0.0
567,27.0,0.0,0.0,0.0,0.0,0.0,,0.0,0.0
568,27.0,1.0,-0.0,4.0,434.0,4.0,108.49972875067813,0.2520706661789818,0.2928931800383807
569,27.0,2.0,-0.0,3.0,569.0,3.0,189.66603444655183,0.22244330246284616,0.2928931726513132
570,27.0,3.0,-0.0,8.0,566.0,8.0,70.74991156261055,0.3441236089109373,0.7936605012449206
571,27.0,4.0,-0.0,5.0,613.0,5.0,122.5997548004904,0.20809914457752643,0.2928931931749269
572,27.0,5.0,-0.0,3.0,596.0,3.0,198.66600444665184,0.2210189974239879,0.29289317754837163
573,27.0,6.0,0.0,0.0,0.0,0.0,,0.0,0.0
574,27.0,7.0,-0.0,4.0,559.0,4.0,139.74965062587344,0.13302416870929978,0.4999999665405964
575,27.0,8.0,0.6928797337920694,9.0,1081.0,9.0,136.1662861122574,0.2842199380843049,0.9998063875332073
576,27.0,9.0,-0.0,3.0,491.0,3.0,163.66612111292963,0.2504897719962257,0.2928931843974568
577,27.0,10.0,-0.0,9.0,537.0,9.0,59.66660037044404,0.22539354510828546,0.29289317026727457
578,27.0,11.0,0.0,0.0,0.0,0.0,,0.0,0.0
579,27.0,12.0,0.0,0.0,0.0,0.0,,0.0,0.0
580,27.0,13.0,0.0,0.0,0.0,0.0,,0.0,0.0
581,27.0,14.0,-0.0,6.0,612.0,6.0,101.99983000028334,0.22138782914283828,0.29289321119804745
582,27.0,15.0,-0.0,6.0,549.0,6.0,91.49984750025418,0.21775447194371045,0.29289319789612556
583,27.0,16.0,-0.0,4.0,495.0,4.0,123.74969062577345,0.12743997939523843,0.4999999975470282
584,27.0,17.0,-0.0,3.0,486.0,3.0,161.9994600018,0.12073185289470989,0.4525661138608028
585,27.0,18.0,-0.0,7.0,567.0,7.0,80.9998842858796,0.22271753497870939,0.2928931862408085
586,27.0,19.0,-0.0,4.0,515.0,4.0,128.7496781258047,0.1274884487603205,0.49999995871270475
587,27.0,20.0,0.0,0.0,0.0,0.0,,0.0,0.0
588,28.0,0.0,0.0,0.0,0.0,0.0,,0.0,0.0
589,28.0,1.0,-0.0,6.0,425.0,6.0,70.83321527797455,0.25048294709025376,0.2928931763061976
590,28.0,2.0,-0.0,8.0,571.0,8.0,71.37491078136152,0.2224963891256725,0.29289319464408836
591,28.0,3.0,-0.0,7.0,589.0,7.0,84.14273693894724,0.34431159645323006,0.7936557680375896
592,28.0,4.0,-0.0,6.0,602.0,6.0,100.33316611138982,0.2100483352183049,0.292893187254073
593,28.0,5.0,-0.0,2.0,622.0,2.0,310.99844500777493,0.22249064526643514,0.2928931766760061
594,28.0,6.0,0.0,0.0,0.0,0.0,,0.0,0.0
595,28.0,7.0,-0.0,7.0,432.0,7.0,61.714197551146356,0.1202293005293098,0.45256718866021195
596,28.0,8.0,0.6881082699866379,14.0,987.0,14.0,72.99988989600239,0.2803182124645154,0.9998433318432663
597,28.0,9.0,-0.0,5.0,435.0,5.0,86.99982600034801,0.25159731067637514,0.2928932005530632
598,28.0,10.0,-0.0,9.0,575.0,9.0,63.888817901313445,0.2257871722316519,0.2928931750822542
599,28.0,11.0,0.0,0.0,0.0,0.0,,0.0,0.0
600,28.0,12.0,0.0,0.0,0.0,0.0,,0.0,0.0
601,28.0,13.0,0.0,0.0,0.0,0.0,,0.0,0.0
602,28.0,14.0,-0.0,8.0,571.0,8.0,71.37491078136152,0.21873819838412556,0.29289316786008923
603,28.0,15.0,-0.0,2.0,668.0,2.0,333.99833000834997,0.2186870727426875,0.2928931871535818
604,28.0,16.0,-0.0,5.0,432.0,5.0,86.39982720034561,0.12123138232116204,0.45257395835860736
605,28.0,17.0,-0.0,2.0,547.0,2.0,273.49863250683745,0.12873260643136375,0.4999999912358053
606,28.0,18.0,-0.0,4.0,568.0,4.0,141.9996450008875,0.22140931971567368,0.29289317722139985
607,28.0,19.0,-0.0,3.0,464.0,3.0,154.66615111282962,0.13139393401254673,0.4999999520277435
608,28.0,20.0,0.0,0.0,0.0,0.0,,0.0,0.0
609,29.0,0.0,0.0,0.0,0.0,0.0,,0.0,0.0
610,29.0,1.0,-0.0,6.0,417.0,29103.0,69.49988416685973,0.25097655717760325,0.29289318767781813
611,29.0,2.0,-0.0,6.0,542.0,49807.0,90.33318277802871,0.22218027405443252,0.29289319936212965
612,29.0,3.0,-0.0,6.0,610.0,28806.0,101.66649722250463,0.3452862862097603,0.7936480265657304
613,29.0,4.0,-0.0,13.0,578.0,60601.0,44.46150426038134,0.20506220702130995,0.29289320887114123
614,29.0,5.0,-0.0,6.0,551.0,44754.0,91.83318027803287,0.22473145165397312,0.29289316729800086
615,29.0,6.0,0.0,0.0,0.0,0.0,,0.0,0.0
616,29.0,7.0,-0.0,4.0,489.0,57487.0,122.24969437576407,0.12491951288029757,0.49999996056043905
617,29.0,8.0,0.6798973545107925,9.0,1022.0,86305.0,112.89974745057198,0.27559135279256897,0.9998523327172627
618,29.0,9.0,-0.0,3.0,500.0,34746.0,166.66611111296297,0.24542454988373763,0.2928932121234479
619,29.0,10.0,-0.0,3.0,599.0,43400.0,199.66600111332963,0.22743584441176,0.2928931688779205
620,29.0,11.0,0.0,0.0,0.0,0.0,,0.0,0.0
621,29.0,12.0,0.0,0.0,0.0,0.0,,0.0,0.0
622,29.0,13.0,0.0,0.0,0.0,0.0,,0.0,0.0
623,29.0,14.0,-0.0,6.0,622.0,51210.0,103.66649388917686,0.21464018238076343,0.2928932071737679
624,29.0,15.0,-0.0,8.0,605.0,50928.0,75.62490546886816,0.22129150683233811,0.2928931897821676
625,29.0,16.0,-0.0,3.0,513.0,51717.0,170.99943000189998,0.1320621703686975,0.49999998693235836
626,29.0,17.0,-0.0,6.0,435.0,46504.0,72.49987916686806,0.12406058878539528,0.4525729660009957
627,29.0,18.0,-0.0,7.0,575.0,51017.0,82.142739796086,0.22078330099039412,0.2928931731791785
628,29.0,19.0,-0.0,3.0,598.0,51774.0,199.33266889110368,0.12762414091465046,0.49999997743092384
629,29.0,20.0,0.0,0.0,0.0,0.0,,0.0,0.0
630,30.0,0.0,0.0,0.0,0.0,0.0,,0.0,0.0
631,30.0,1.0,-0.0,5.0,434.0,5.0,86.7998264003472,0.24786745918858732,0.2928931841403555
632,30.0,2.0,-0.0,3.0,592.0,3.0,197.33267555774813,0.22159961716089505,0.29289318146038335
633,30.0,3.0,-0.0,6.0,649.0,6.0,108.16648638918936,0.34602070504157145,0.7936484144751816
634,30.0,4.0,-0.0,6.0,554.0,6.0,92.33317944470093,0.21226266742695887,0.29289318496000116
635,30.0,5.0,-0.0,4.0,554.0,4.0,138.49965375086563,0.22347211440395642,0.29289317975498896
636,30.0,6.0,0.0,0.0,0.0,0.0,,0.0,0.0
637,30.0,7.0,-0.0,2.0,470.0,2.0,234.99882500587498,0.1145615022920371,0.4525669526554318
638,30.0,8.0,0.691008080910769,12.0,1040.0,12.0,86.66652222246296,0.28153367390386563,0.9999068063304348
639,30.0,9.0,-0.0,3.0,489.0,3.0,162.99945666847776,0.24744084935811672,0.2928932069239405
640,30.0,10.0,-0.0,3.0,582.0,3.0,193.99935333548888,0.22775510177305391,0.2928931933598611
641,30.0,11.0,0.0,0.0,0.0,0.0,,0.0,0.0
642,30.0,12.0,0.0,0.0,0.0,0.0,,0.0,0.0
643,30.0,13.0,0.0,0.0,0.0,0.0,,0.0,0.0
644,30.0,14.0,-0.0,6.0,578.0,6.0,96.33317277804538,0.22243765320930564,0.292893212614344
645,30.0,15.0,-0.0,6.0,564.0,6.0,93.99984333359446,0.2196881116956314,0.2928931779235656
646,30.0,16.0,-0.0,6.0,511.0,6.0,85.1665247224588,0.1350961748911763,0.49999998203889984
647,30.0,17.0,-0.0,3.0,599.0,3.0,199.66600111332963,0.13618500965938585,0.49999996324388973
648,30.0,18.0,-0.0,7.0,525.0,7.0,74.99989285729592,0.22129973694147276,0.29289317128958214
649,30.0,19.0,-0.0,7.0,471.0,7.0,67.28561816340263,0.12550198150955538,0.4999999669336572
650,30.0,20.0,0.0,0.0,0.0,0.0,,0.0,0.0
651,31.0,0.0,0.0,0.0,0.0,0.0,,0.0,0.0
652,31.0,1.0,-0.0,6.0,404.0,6.0,67.33322111129816,0.2519839482216416,0.29289318270247866
653,31.0,2.0,-0.0,11.0,531.0,11.0,48.27268338846965,0.22225780848205523,0.2928931688013213
654,31.0,3.0,-0.0,5.0,688.0,5.0,137.5997248005504,0.34537316184701305,0.7936418051605347
655,31.0,4.0,-0.0,5.0,594.0,5.0,118.7997624004752,0.2052766326715949,0.29289318545118626
656,31.0,5.0,-0.0,4.0,571.0,4.0,142.7496431258922,0.22510950620567183,0.2928931746629636
657,31.0,6.0,0.0,0.0,0.0,0.0,,0.0,0.0
658,31.0,7.0,-0.0,8.0,466.0,8.0,58.24992718759102,0.12235061418143534,0.4999999837364709
659,31.0,8.0,0.6801794251339185,7.0,977.0,7.0,145.74955687637032,0.2780982355518591,0.9997557377955543
660,31.0,9.0,-0.0,1.0,546.0,1.0,545.9945400545994,0.24394675361837037,0.2928932144508809
661,31.0,10.0,-0.0,5.0,536.0,5.0,107.19978560042881,0.22573627236849214,0.29289318388672947
662,31.0,11.0,0.0,0.0,0.0,0.0,,0.0,0.0
663,31.0,12.0,0.0,0.0,0.0,0.0,,0.0,0.0
664,31.0,13.0,0.0,0.0,0.0,0.0,,0.0,0.0
665,31.0,14.0,-0.0,8.0,602.0,8.0,75.24990593761758,0.22128655225032456,0.2928931993421158
666,31.0,15.0,-0.0,5.0,589.0,5.0,117.7997644004712,0.2237599421653127,0.2928931757323143
667,31.0,16.0,-0.0,8.0,517.0,8.0,64.62491921885098,0.12878974363880347,0.49999998770142884
668,31.0,17.0,-0.0,5.0,493.0,5.0,98.5998028003944,0.13377653337674233,0.4999999512822799
669,31.0,18.0,-0.0,3.0,580.0,3.0,193.33268889103704,0.2202278508307629,0.2928931716653731
670,31.0,19.0,-0.0,3.0,455.0,3.0,151.6661611127963,0.11781149485524689,0.45257632266227577
671,31.0,20.0,0.0,0.0,0.0,0.0,,0.0,0.0
672,32.0,0.0,0.0,0.0,0.0,0.0,,0.0,0.0
673,32.0,1.0,-0.0,3.0,446.0,3.0,148.66617111276295,0.25142021962380834,0.2928931694335989
674,32.0,2.0,-0.0,3.0,570.0,3.0,189.99936666877775,0.2230302475433411,0.2928931755285571
675,32.0,3.0,-0.0,8.0,619.0,8.0,77.3749032813709,0.3446306637963735,0.7936605284431257
676,32.0,4.0,-0.0,4.0,644.0,4.0,160.99959750100626,0.2062913982917295,0.29289319566848726
677,32.0,5.0,-0.0,7.0,551.0,7.0,78.71417326546677,0.22379971677103738,0.2928931687655242
678,32.0,6.0,0.0,0.0,0.0,0.0,,0.0,0.0
679,32.0,7.0,-0.0,2.0,687.0,2.0,343.49828250858747,0.108598630349381,0.4525805831406421
680,32.0,8.0,0.679491835929193,7.0,934.0,7.0,151.8994037026551,0.27485661292200403,0.9997830556445972
681,32.0,9.0,-0.0,2.0,576.0,2.0,287.99856000719996,0.23969114777218758,0.29289318137323983
682,32.0,10.0,-0.0,4.0,584.0,4.0,145.99963500091252,0.22686571661973953,0.29289317219822264
683,32.0,11.0,0.0,0.0,0.0,0.0,,0.0,0.0
684,32.0,12.0,0.0,0.0,0.0,0.0,,0.0,0.0
685,32.0,13.0,0.0,0.0,0.0,0.0,,0.0,0.0
686,32.0,14.0,-0.0,3.0,591.0,3.0,196.9993433355222,0.21696398880691048,0.2928931805239081
687,32.0,15.0,-0.0,4.0,587.0,4.0,146.7496331259172,0.21759012483192497,0.29289316404586563
688,32.0,16.0,-0.0,5.0,466.0,5.0,93.1998136003728,0.12707234263406386,0.4999999985003458
689,32.0,17.0,-0.0,2.0,449.0,2.0,224.49887750561246,0.11784498569547519,0.45258031468176185
690,32.0,18.0,-0.0,5.0,573.0,5.0,114.5997708004584,0.22088280956161932,0.2928932092926485
691,32.0,19.0,-0.0,7.0,508.0,7.0,72.57132489810729,0.12702692478008892,0.4999999353612137
692,32.0,20.0,0.0,0.0,0.0,0.0,,0.0,0.0
693,33.0,0.0,0.0,0.0,0.0,0.0,,0.0,0.0
694,33.0,1.0,-0.0,3.0,452.0,3.0,150.6661644461185,0.2518628717581535,0.2928931855282707
695,33.0,2.0,-0.0,6.0,516.0,6.0,85.99985666690556,0.21764667772106472,0.29289317934045034
696,33.0,3.0,-0.0,4.0,612.0,4.0,152.99961750095628,0.3435941030192007,0.7936744091437115
697,33.0,4.0,-0.0,1.0,643.0,1.0,642.9935700642993,0.20757892664290567,0.29289318643602114
698,33.0,5.0,-0.0,6.0,533.0,6.0,88.83318527802454,0.22424921443798618,0.2928931844622821
699,33.0,6.0,0.0,0.0,0.0,0.0,,0.0,0.0
700,33.0,7.0,-0.0,6.0,405.0,6.0,67.4998875001875,0.10820395486449863,0.45256691405487703
701,33.0,8.0,0.6870380977506678,15.0,969.0,15.0,65.80546248470458,0.27679352202104923,0.999785017876268
702,33.0,9.0,-0.0,5.0,518.0,5.0,103.5997928004144,0.23753897378601097,0.2928931888973729
703,33.0,10.0,-0.0,7.0,578.0,7.0,82.57131061241341,0.22817351841506328,0.29289318586216395
704,33.0,11.0,0.0,0.0,0.0,0.0,,0.0,0.0
705,33.0,12.0,0.0,0.0,0.0,0.0,,0.0,0.0
706,33.0,13.0,0.0,0.0,0.0,0.0,,0.0,0.0
707,33.0,14.0,-0.0,5.0,608.0,5.0,121.5997568004864,0.2146330508655787,0.2928932112969025
708,33.0,15.0,-0.0,9.0,545.0,9.0,60.5554882716797,0.22302518443120778,0.2928931920761998
709,33.0,16.0,-0.0,5.0,436.0,5.0,87.1998256003488,0.12487972214269938,0.4999999845544182
710,33.0,17.0,-0.0,4.0,456.0,4.0,113.99971500071251,0.11928874278971768,0.45257413875499997
711,33.0,18.0,-0.0,8.0,529.0,8.0,66.12491734385333,0.22043511348741696,0.2928931760102247
712,33.0,19.0,-0.0,4.0,417.0,4.0,104.24973937565157,0.11969087552835123,0.452578046440105
713,33.0,20.0,0.0,0.0,0.0,0.0,,0.0,0.0
714,34.0,0.0,0.0,0.0,0.0,0.0,,0.0,0.0
715,34.0,1.0,-0.0,6.0,459.0,6.0,76.4998725002125,0.25191991504670097,0.2928931968188925
716,34.0,2.0,-0.0,4.0,602.0,4.0,150.49962375094063,0.21531966052420293,0.292893168604237
717,34.0,3.0,-0.0,4.0,753.0,4.0,188.24952937617658,0.34274970103348157,0.7935074787000236
718,34.0,4.0,-0.0,6.0,585.0,6.0,97.49983750027084,0.20564403060064707,0.2928932112245306
719,34.0,5.0,-0.0,3.0,589.0,3.0,196.33267889107037,0.22401596612101926,0.2928931671070035
720,34.0,6.0,0.0,0.0,0.0,0.0,,0.0,0.0
721,34.0,7.0,-0.0,5.0,408.0,5.0,81.5998368003264,0.11492981491731458,0.49999994028536876
722,34.0,8.0,0.6926185620854093,14.0,1015.0,14.0,74.35405552968314,0.2831710834929524,0.9998125797422313
723,34.0,9.0,-0.0,7.0,493.0,7.0,70.42847081647027,0.23521613355389026,0.29289320886033277
724,34.0,10.0,-0.0,8.0,538.0,8.0,67.24991593760508,0.22966530558909493,0.2928931792303626
725,34.0,11.0,0.0,0.0,0.0,0.0,,0.0,0.0
726,34.0,12.0,0.0,0.0,0.0,0.0,,0.0,0.0
727,34.0,13.0,0.0,0.0,0.0,0.0,,0.0,0.0
728,34.0,14.0,-0.0,5.0,674.0,5.0,134.7997304005392,0.21524483994768795,0.29289317268493975
729,34.0,15.0,-0.0,6.0,562.0,6.0,93.66651055581575,0.21967716120259106,0.2928931706282406
730,34.0,16.0,-0.0,4.0,440.0,4.0,109.9997250006875,0.11932434789582147,0.4525665252222112
731,34.0,17.0,-0.0,6.0,485.0,6.0,80.83319861133565,0.12777040247204763,0.4999999806062726
732,34.0,18.0,-0.0,8.0,573.0,8.0,71.62491046886191,0.21737608821525023,0.2928931741779893
733,34.0,19.0,-0.0,5.0,482.0,5.0,96.39980720038561,0.12862513527941377,0.499999969186399
734,34.0,20.0,0.0,0.0,0.0,0.0,,0.0,0.0
735,35.0,0.0,0.0,0.0,0.0,0.0,,0.0,0.0
736,35.0,1.0,-0.0,5.0,423.0,5.0,84.59983080033841,0.2512657351169397,0.2928931810222666
737,35.0,2.0,-0.0,12.0,551.0,12.0,45.916628402809664,0.2164408847867868,0.29289317388091585
738,35.0,3.0,-0.0,13.0,609.0,13.0,46.84611781067861,0.3424061887061042,0.7936508333621277
739,35.0,4.0,-0.0,3.0,600.0,3.0,199.99933333555555,0.20822325740861602,0.29289320745515424
740,35.0,5.0,-0.0,4.0,529.0,4.0,132.24966937582658,0.22381564272731602,0.29289318686345733
741,35.0,6.0,0.0,0.0,0.0,0.0,,0.0,0.0
742,35.0,7.0,-0.0,1.0,639.0,1.0,638.9936100638993,0.10782728344776149,0.4525716250840751
743,35.0,8.0,0.6670593398652869,7.0,919.0,7.0,129.66629319554247,0.27324705108712244,0.9998020695573209
744,35.0,9.0,-0.0,6.0,525.0,6.0,87.49985416690973,0.23425520121240673,0.2928932049377059
745,35.0,10.0,-0.0,7.0,576.0,7.0,82.28559673486181,0.22885553128858205,0.2928931961133594
746,35.0,11.0,0.0,0.0,0.0,0.0,,0.0,0.0
747,35.0,12.0,0.0,0.0,0.0,0.0,,0.0,0.0
748,35.0,13.0,0.0,0.0,0.0,0.0,,0.0,0.0
749,35.0,14.0,-0.0,6.0,572.0,6.0,95.33317444470927,0.2171551421148189,0.29289317142919347
750,35.0,15.0,-0.0,8.0,596.0,8.0,74.49990687511641,0.22079200908361707,0.2928931869446708
751,35.0,16.0,-0.0,5.0,479.0,5.0,95.79980840038321,0.12573067430268137,0.45257248709335485
752,35.0,17.0,-0.0,5.0,495.0,5.0,98.999802000396,0.13055013316312103,0.499999979436073
753,35.0,18.0,-0.0,9.0,538.0,9.0,59.77771135809849,0.21978898762240195,0.29289319020110516
754,35.0,19.0,-0.0,8.0,402.0,8.0,50.24993718757852,0.1193777956323665,0.45257075510491007
755,35.0,20.0,0.0,0.0,0.0,0.0,,0.0,0.0
756,36.0,0.0,0.0,0.0,0.0,0.0,,0.0,0.0
757,36.0,1.0,-0.0,5.0,463.0,5.0,92.59981480037041,0.25137151040006434,0.29289317517111957
758,36.0,2.0,-0.0,3.0,574.0,3.0,191.33269555768146,0.2169528368440038,0.29289320051607204
759,36.0,3.0,-0.0,12.0,592.0,12.0,49.33329222225648,0.3435868439125538,0.7936574825560373
760,36.0,4.0,-0.0,5.0,606.0,5.0,121.1997576004848,0.2080464725440646,0.2928931695448109
761,36.0,5.0,-0.0,7.0,572.0,7.0,81.71416897975861,0.22389056570659183,0.29289318354147387
762,36.0,6.0,0.0,0.0,0.0,0.0,,0.0,0.0
763,36.0,7.0,-0.0,6.0,396.0,6.0,65.99989000018334,0.10919399848890243,0.45257989423558875
764,36.0,8.0,0.6862977629639277,9.0,1035.0,9.0,114.92474158808824,0.27545293573801755,0.999750380152864
765,36.0,9.0,-0.0,5.0,506.0,5.0,101.1997976004048,0.23640846725617126,0.2928931797777834
766,36.0,10.0,-0.0,5.0,602.0,5.0,120.39975920048161,0.22809193649079562,0.29289317915840574
767,36.0,11.0,0.0,0.0,0.0,0.0,,0.0,0.0
768,36.0,12.0,0.0,0.0,0.0,0.0,,0.0,0.0
769,36.0,13.0,0.0,0.0,0.0,0.0,,0.0,0.0
770,36.0,14.0,-0.0,3.0,604.0,3.0,201.33266222445926,0.20785414112249168,0.29289317836593876
771,36.0,15.0,-0.0,8.0,569.0,8.0,71.12491109386113,0.221930168912578,0.2928931775265392
772,36.0,16.0,-0.0,4.0,526.0,4.0,131.49967125082188,0.12945971021114733,0.4999999820522055
773,36.0,17.0,-0.0,1.0,587.0,1.0,586.9941300586994,0.13385061499807882,0.49999996430544336
774,36.0,18.0,-0.0,9.0,574.0,9.0,63.77770691365899,0.21640493113493087,0.2928931748848843
775,36.0,19.0,-0.0,4.0,490.0,4.0,122.49969375076563,0.1285646798111495,0.49999995860993296
776,36.0,20.0,0.0,0.0,0.0,0.0,,0.0,0.0
777,37.0,0.0,0.0,0.0,0.0,0.0,,0.0,0.0
778,37.0,1.0,-0.0,6.0,431.0,6.0,71.83321361131065,0.25029434743332535,0.29289318253998387
779,37.0,2.0,-0.0,6.0,587.0,6.0,97.83317027804954,0.2187300245191982,0.2928931726515237
780,37.0,3.0,-0.0,2.0,730.0,2.0,364.99817500912496,0.3430347834894779,0.7781538291412494
781,37.0,4.0,-0.0,8.0,562.0,8.0,70.24991218760977,0.20864475409158623,0.29289317647435387
782,37.0,5.0,-0.0,8.0,562.0,8.0,70.24991218760977,0.22082032862915968,0.29289320596844814
783,37.0,6.0,0.0,0.0,0.0,0.0,,0.0,0.0
784,37.0,7.0,-0.0,8.0,373.0,8.0,46.62494171882285,0.11193422851102519,0.4525655919074283
785,37.0,8.0,-0.0,5.0,474.0,5.0,59.24985187537032,0.12485000838726967,0.500242090840618
786,37.0,9.0,-0.0,3.0,541.0,3.0,180.3327322242259,0.23500427144039338,0.29289320810317576
787,37.0,10.0,-0.0,14.0,519.0,14.0,37.07140209185565,0.2246209600713498,0.2928931734203909
788,37.0,11.0,0.0,0.0,0.0,0.0,,0.0,0.0
789,37.0,12.0,0.0,0.0,0.0,0.0,,0.0,0.0
790,37.0,13.0,0.0,0.0,0.0,0.0,,0.0,0.0
791,37.0,14.0,-0.0,3.0,606.0,3.0,201.9993266689111,0.20832210432642717,0.2928931901519858
792,37.0,15.0,-0.0,5.0,610.0,5.0,121.999756000488,0.21873512553081387,0.2928931766193702
793,37.0,16.0,-0.0,4.0,539.0,4.0,134.7496631258422,0.12694249335918695,0.49999997003608976
794,37.0,17.0,-0.0,8.0,479.0,8.0,59.87492515634356,0.13478866800286637,0.49999993920394603
795,37.0,18.0,-0.0,6.0,530.0,6.0,88.33318611135648,0.21593565086216615,0.29289318862604863
796,37.0,19.0,-0.0,5.0,455.0,5.0,90.999818000364,0.1303634802590471,0.4525787630156498
797,37.0,20.0,0.0,0.0,0.0,0.0,,0.0,0.0
798,38.0,0.0,0.0,0.0,0.0,0.0,,0.0,0.0
799,38.0,1.0,-0.0,3.0,423.0,3.0,140.99953000156665,0.2514041265802278,0.29289317562499106
800,38.0,2.0,-0.0,5.0,593.0,5.0,118.59976280047441,0.22103626606999893,0.2928931733136979
801,38.0,3.0,-0.0,7.0,625.0,7.0,89.28558673487609,0.34841145394886697,0.7936701783006322
802,38.0,4.0,-0.0,6.0,638.0,6.0,106.33315611140648,0.2065849976316445,0.29289320246100514
803,38.0,5.0,-0.0,3.0,584.0,3.0,194.66601777994072,0.2221146415552474,0.29289318479216364
804,38.0,6.0,0.0,0.0,0.0,0.0,,0.0,0.0
805,38.0,7.0,-0.0,4.0,462.0,4.0,115.49971125072189,0.1219343495758024,0.49999997235143023
806,38.0,8.0,-0.0,1.0,455.0,1.0,454.9954500454995,0.11869994495904468,0.45257991314682455
807,38.0,9.0,-0.0,4.0,513.0,4.0,128.24967937580158,0.23453459233154195,0.29289318731803327
808,38.0,10.0,-0.0,4.0,566.0,4.0,141.49964625088438,0.2254402576665835,0.29289319033133177
809,38.0,11.0,0.0,0.0,0.0,0.0,,0.0,0.0
810,38.0,12.0,0.0,0.0,0.0,0.0,,0.0,0.0
811,38.0,13.0,0.0,0.0,0.0,0.0,,0.0,0.0
812,38.0,14.0,-0.0,6.0,609.0,6.0,101.49983083361528,0.21122867134173218,0.2928931765262829
813,38.0,15.0,-0.0,2.0,686.0,2.0,342.99828500857495,0.2192037705939841,0.292893184013433
814,38.0,16.0,-0.0,2.0,635.0,2.0,317.4984125079375,0.11978818790808599,0.452575208389415
815,38.0,17.0,-0.0,4.0,434.0,4.0,108.49972875067813,0.13125419421682794,0.4525725519987144
816,38.0,18.0,-0.0,7.0,547.0,7.0,78.14274551036355,0.213809697835166,0.292893190848141
817,38.0,19.0,-0.0,5.0,409.0,5.0,81.79983640032721,0.12613557646816598,0.45257912488353946
818,38.0,20.0,0.0,0.0,0.0,0.0,,0.0,0.0
819,39.0,0.0,0.0,0.0,0.0,0.0,,0.0,0.0
820,39.0,1.0,-0.0,2.0,498.0,27493.0,248.99875500622497,0.2507789466015369,0.2928931777564362
821,39.0,2.0,-0.0,7.0,575.0,52447.0,82.142739796086,0.2205114925135091,0.292893186176608
822,39.0,3.0,-0.0,3.0,732.0,21765.0,243.99918666937776,0.3621469636358666,0.8673645569670848
823,39.0,4.0,-0.0,4.0,608.0,56963.0,151.99962000095002,0.20598885065171058,0.2928931754563797
824,39.0,5.0,-0.0,9.0,547.0,48529.0,60.77771024698862,0.2213873025096944,0.2928931678297656
825,39.0,6.0,0.0,0.0,0.0,0.0,,0.0,0.0
826,39.0,7.0,-0.0,5.0,456.0,53982.0,91.19981760036481,0.12203920838192417,0.49999993513847607
827,39.0,8.0,-0.0,1.0,570.0,51785.0,569.9943000569994,0.12440092640477607,0.4999999624309581
828,39.0,9.0,-0.0,4.0,525.0,32861.0,131.24967187582033,0.23539296922741748,0.2928931758433452
829,39.0,10.0,-0.0,9.0,575.0,51210.0,63.888817901313445,0.22612681530975365,0.2928931785596709
830,39.0,11.0,0.0,0.0,0.0,0.0,,0.0,0.0
831,39.0,12.0,0.0,0.0,0.0,0.0,,0.0,0.0
832,39.0,13.0,0.0,0.0,0.0,0.0,,0.0,0.0
833,39.0,14.0,-0.0,3.0,643.0,50698.0,214.33261889127036,0.2085027171444117,0.292893165324705
834,39.0,15.0,-0.0,11.0,560.0,47576.0,50.909044628141245,0.2166642048920875,0.2928931791122067
835,39.0,16.0,-0.0,8.0,462.0,54250.0,57.749927812590236,0.1319654435200034,0.4999999514217057
836,39.0,17.0,-0.0,3.0,482.0,44954.0,160.6661311128963,0.12108924660317577,0.45257931750227653
837,39.0,18.0,-0.0,3.0,586.0,45867.0,195.33268222439258,0.21309758365617715,0.2928931798778167
838,39.0,19.0,-0.0,5.0,405.0,49160.0,80.999838000324,0.12390401802135964,0.4525799900553352
839,39.0,20.0,0.0,0.0,0.0,0.0,,0.0,0.0
840,40.0,0.0,0.0,0.0,0.0,0.0,,0.0,0.0
841,40.0,1.0,-0.0,3.0,463.0,3.0,154.3328188906037,0.2527092949328388,0.29289318160523026
842,40.0,2.0,-0.0,3.0,595.0,3.0,198.33267222442592,0.21522409710688606,0.2928931692500122
843,40.0,3.0,-0.0,9.0,682.0,9.0,75.77769358034047,0.36237781850034523,0.8673608843575202
844,40.0,4.0,-0.0,3.0,546.0,3.0,181.99939333535553,0.20877834999214573,0.2928932167366113
845,40.0,5.0,-0.0,3.0,609.0,3.0,202.99932333558888,0.21811966408276928,0.29289321403808344
846,40.0,6.0,0.0,0.0,0.0,0.0,,0.0,0.0
847,40.0,7.0,-0.0,4.0,545.0,4.0,136.24965937585156,0.12119711714554349,0.4999999340940615
848,40.0,8.0,-0.0,1.0,567.0,1.0,566.9943300566994,0.12339480358365917,0.49999996002658675
849,40.0,9.0,-0.0,8.0,522.0,8.0,65.24991843760196,0.22897964355091338,0.2928932147133463
850,40.0,10.0,-0.0,4.0,641.0,4.0,160.24959937600158,0.22736718675989043,0.29289318013029886
851,40.0,11.0,0.0,0.0,0.0,0.0,,0.0,0.0
852,40.0,12.0,0.0,0.0,0.0,0.0,,0.0,0.0
853,40.0,13.0,0.0,0.0,0.0,0.0,,0.0,0.0
854,40.0,14.0,-0.0,7.0,589.0,7.0,84.14273693894724,0.2074666156184919,0.29289316442055247
855,40.0,15.0,-0.0,7.0,592.0,7.0,84.57130775527465,0.21795919704664324,0.2928931797403992
856,40.0,16.0,-0.0,5.0,521.0,5.0,104.1997916004168,0.1283139150574112,0.4999999853331991
857,40.0,17.0,-0.0,4.0,436.0,4.0,108.99972750068126,0.12710447502987976,0.45257578439390633
858,40.0,18.0,-0.0,4.0,578.0,4.0,144.49963875090313,0.202812571511507,0.2928932107510712
859,40.0,19.0,-0.0,4.0,429.0,4.0,107.24973187567032,0.13135165558934503,0.4525747335526469
860,40.0,20.0,0.0,0.0,0.0,0.0,,0.0,0.0
861,41.0,0.0,0.0,0.0,0.0,0.0,,0.0,0.0
862,41.0,1.0,-0.0,6.0,424.0,6.0,70.66654888908519,0.25163835662446277,0.29289319869447983
863,41.0,2.0,-0.0,3.0,567.0,3.0,188.9993700021,0.20402189347259214,0.292893169655856
864,41.0,3.0,-0.0,12.0,701.0,12.0,58.41661798615168,0.3624664967753365,0.9997695554287068
865,41.0,4.0,-0.0,6.0,605.0,6.0,100.83316527805788,0.2072151633961934,0.2928932149854261
866,41.0,5.0,-0.0,6.0,625.0,6.0,104.16649305584491,0.21641592305658564,0.2928931847508087
867,41.0,6.0,0.0,0.0,0.0,0.0,,0.0,0.0
868,41.0,7.0,-0.0,5.0,454.0,5.0,90.79981840036321,0.11281772472212392,0.4999999508498627
869,41.0,8.0,-0.0,5.0,592.0,5.0,118.39976320047361,0.12456232426622837,0.4999999342050552
870,41.0,9.0,-0.0,7.0,519.0,7.0,74.14275122464112,0.23371968665895215,0.2928931830958893
871,41.0,10.0,-0.0,7.0,557.0,7.0,79.57131489812159,0.22744314503619434,0.29289317961511263
872,41.0,11.0,0.0,0.0,0.0,0.0,,0.0,0.0
873,41.0,12.0,0.0,0.0,0.0,0.0,,0.0,0.0
874,41.0,13.0,0.0,0.0,0.0,0.0,,0.0,0.0
875,41.0,14.0,-0.0,4.0,626.0,4.0,156.49960875097813,0.20715437843175244,0.29289318737345416
876,41.0,15.0,-0.0,7.0,631.0,7.0,90.1427283675309,0.21855431876350906,0.2928932059215267
877,41.0,16.0,-0.0,3.0,497.0,3.0,165.66611444628518,0.1278854497397044,0.4999999768422849
878,41.0,17.0,-0.0,2.0,471.0,2.0,235.49882250588746,0.12290245464073402,0.4525695813521189
879,41.0,18.0,-0.0,5.0,509.0,5.0,101.7997964004072,0.18773842339142177,0.29289319176332784
880,41.0,19.0,0.0,1.0,0.0,1.0,0.0,3.706918613832766e-05,0.00024998624035421635
881,41.0,20.0,0.0,0.0,0.0,0.0,,0.0,0.0
882,42.0,0.0,0.0,0.0,0.0,0.0,,0.0,0.0
883,42.0,1.0,-0.0,7.0,468.0,7.0,66.85704734707522,0.25113560175607585,0.2928931813208193
884,42.0,2.0,-0.0,9.0,492.0,9.0,54.666605925993416,0.20357501803830336,0.2928931919270702
885,42.0,3.0,-0.0,4.0,777.0,4.0,194.24951437621408,0.35222633979573503,0.7921782788752245
886,42.0,4.0,-0.0,7.0,609.0,7.0,86.99987571446327,0.20964041123246113,0.2928932147004283
887,42.0,5.0,-0.0,8.0,627.0,8.0,78.37490203137247,0.21153591619280543,0.2928932012706459
888,42.0,6.0,0.0,0.0,0.0,0.0,,0.0,0.0
889,42.0,7.0,-0.0,2.0,535.0,2.0,267.4986625066875,0.11478583345961635,0.499999982307476
890,42.0,8.0,-0.0,5.0,472.0,5.0,94.39981120037761,0.12444356671224377,0.49999999050508614
891,42.0,9.0,-0.0,7.0,510.0,7.0,72.85703877565889,0.23544056808265168,0.2928931931283427
892,42.0,10.0,-0.0,4.0,584.0,4.0,145.99963500091252,0.22682866051046635,0.29289320546163256
893,42.0,11.0,0.0,0.0,0.0,0.0,,0.0,0.0
894,42.0,12.0,0.0,0.0,0.0,0.0,,0.0,0.0
895,42.0,13.0,0.0,0.0,0.0,0.0,,0.0,0.0
896,42.0,14.0,-0.0,3.0,568.0,3.0,189.3327022243259,0.2091056619181787,0.29289320499117366
897,42.0,15.0,-0.0,6.0,594.0,6.0,98.999835000275,0.22076683546908604,0.2928931660710471
898,42.0,16.0,-0.0,2.0,403.0,2.0,201.49899250503748,0.12489236157414996,0.45257469914952153
899,42.0,17.0,-0.0,4.0,461.0,4.0,115.24971187572032,0.12114980446983492,0.4525662583021145
900,42.0,18.0,-0.0,5.0,520.0,5.0,103.99979200041601,0.18138814776856516,0.29289320369698535
901,42.0,19.0,0.0,0.0,0.0,0.0,,0.0,0.0
902,42.0,20.0,0.0,0.0,0.0,0.0,,0.0,0.0
903,43.0,0.0,0.0,0.0,0.0,0.0,,0.0,0.0
904,43.0,1.0,-0.0,9.0,424.0,9.0,47.11105876549026,0.2524869218446989,0.29289321162917925
905,43.0,2.0,-0.0,4.0,517.0,4.0,129.24967687580784,0.20246871471441896,0.2928931844146633
906,43.0,3.0,-0.0,8.0,552.0,8.0,68.99991375010782,0.3500072170811577,0.7936449507182194
907,43.0,4.0,-0.0,5.0,600.0,5.0,119.99976000048001,0.20851989287759187,0.2928931906367983
908,43.0,5.0,-0.0,7.0,662.0,7.0,94.57129346958077,0.2131556384448945,0.29289321019320946
909,43.0,6.0,0.0,0.0,0.0,0.0,,0.0,0.0
910,43.0,7.0,-0.0,4.0,456.0,4.0,113.99971500071251,0.10198792099276055,0.4525803373113303
911,43.0,8.0,-0.0,9.0,373.0,9.0,41.4443983951129,0.1171874985808562,0.4525712675395557
912,43.0,9.0,-0.0,6.0,511.0,6.0,85.1665247224588,0.23132226200010564,0.2928931844484888
913,43.0,10.0,-0.0,9.0,511.0,9.0,56.77771469142812,0.2262143630374085,0.29289320526317475
914,43.0,11.0,0.0,0.0,0.0,0.0,,0.0,0.0
915,43.0,12.0,0.0,0.0,0.0,0.0,,0.0,0.0
916,43.0,13.0,0.0,0.0,0.0,0.0,,0.0,0.0
917,43.0,14.0,-0.0,8.0,560.0,8.0,69.99991250010937,0.20721935480373355,0.29289316937463705
918,43.0,15.0,-0.0,9.0,548.0,9.0,60.888821234643075,0.21888397443372976,0.29289317727561637
919,43.0,16.0,-0.0,4.0,545.0,4.0,136.24965937585156,0.12590553386466963,0.4999999951531403
920,43.0,17.0,-0.0,6.0,448.0,6.0,74.66654222242964,0.1271549193159851,0.49999996678642855
921,43.0,18.0,-0.0,8.0,511.0,8.0,63.87492015634981,0.17755243985110514,0.29289318137127285
922,43.0,19.0,0.0,0.0,0.0,0.0,,0.0,0.0
923,43.0,20.0,0.0,0.0,0.0,0.0,,0.0,0.0
924,44.0,0.0,0.0,0.0,0.0,0.0,,0.0,0.0
925,44.0,1.0,-0.0,5.0,371.0,5.0,74.19985160029681,0.2605356342166427,0.29289320918046313
926,44.0,2.0,-0.0,5.0,570.0,5.0,113.999772000456,0.20469324364788355,0.2928932078778709
927,44.0,3.0,-0.0,9.0,582.0,9.0,64.66659481489465,0.3539796833447484,0.7936423842249698
928,44.0,4.0,-0.0,9.0,578.0,9.0,64.22215086427683,0.2060572354565472,0.29289321501338506
929,44.0,5.0,-0.0,8.0,652.0,8.0,81.49989812512734,0.21424894758618185,0.2928931789638718
930,44.0,6.0,0.0,0.0,0.0,0.0,,0.0,0.0
931,44.0,7.0,-0.0,3.0,391.0,3.0,130.33289889033702,0.09931162368584223,0.4525761382088601
932,44.0,8.0,-0.0,4.0,500.0,4.0,124.99968750078126,0.1268583350463438,0.49999995530341135
933,44.0,9.0,-0.0,9.0,496.0,9.0,55.11104987661125,0.23218393132921,0.2928931979527779
934,44.0,10.0,-0.0,6.0,633.0,6.0,105.49982416695973,0.2271387837917418,0.29289320354579973
935,44.0,11.0,0.0,0.0,0.0,0.0,,0.0,0.0
936,44.0,12.0,0.0,0.0,0.0,0.0,,0.0,0.0
937,44.0,13.0,0.0,0.0,0.0,0.0,,0.0,0.0
938,44.0,14.0,-0.0,2.0,638.0,2.0,318.99840500797495,0.21459522913786933,0.2928931791033178
939,44.0,15.0,-0.0,5.0,599.0,5.0,119.79976040047922,0.21921359159967835,0.2928931706608938
940,44.0,16.0,-0.0,4.0,494.0,4.0,123.49969125077189,0.1305562514513665,0.4999999941426655
941,44.0,17.0,-0.0,4.0,518.0,4.0,129.4996762508094,0.12748183160915516,0.4999999576904507
942,44.0,18.0,-0.0,8.0,500.0,8.0,62.49992187509766,0.1750173681739421,0.2928932041269908
943,44.0,19.0,0.0,0.0,0.0,0.0,,0.0,0.0
944,44.0,20.0,0.0,0.0,0.0,0.0,,0.0,0.0
945,45.0,0.0,0.0,0.0,0.0,0.0,,0.0,0.0
946,45.0,1.0,-0.0,2.0,427.0,2.0,213.49893250533748,0.26520750689463246,0.2928932153588826
947,45.0,2.0,-0.0,8.0,506.0,8.0,63.24992093759883,0.20246491953173806,0.29289316614104777
948,45.0,3.0,-0.0,7.0,653.0,7.0,93.28558102059854,0.35334413351300153,0.7936507210989167
949,45.0,4.0,-0.0,8.0,558.0,8.0,69.74991281260898,0.20704794039775232,0.29289317481590027
950,45.0,5.0,-0.0,10.0,581.0,10.0,58.099941900058106,0.21232938106267052,0.2928931999304544
951,45.0,6.0,0.0,0.0,0.0,0.0,,0.0,0.0
952,45.0,7.0,-0.0,1.0,555.0,1.0,554.9944500554994,0.10746324542432806,0.49999998140834045
953,45.0,8.0,-0.0,4.0,441.0,4.0,110.24972437568907,0.12147482342383098,0.45257965999737604
954,45.0,9.0,-0.0,4.0,547.0,4.0,136.7496581258547,0.22996270987285716,0.29289320623986903
955,45.0,10.0,-0.0,6.0,552.0,6.0,91.99984666692222,0.22890229007280927,0.29289316903108453
956,45.0,11.0,0.0,0.0,0.0,0.0,,0.0,0.0
957,45.0,12.0,0.0,0.0,0.0,0.0,,0.0,0.0
958,45.0,13.0,0.0,0.0,0.0,0.0,,0.0,0.0
959,45.0,14.0,-0.0,8.0,548.0,8.0,68.49991437510704,0.20813766288961555,0.29289318780867724
960,45.0,15.0,-0.0,7.0,567.0,7.0,80.9998842858796,0.21814395835281442,0.2928931773779355
961,45.0,16.0,-0.0,4.0,440.0,4.0,109.9997250006875,0.1198790663543372,0.45256680502903224
962,45.0,17.0,-0.0,6.0,389.0,6.0,64.83322527795788,0.12344165597608758,0.4525771402050145
963,45.0,18.0,-0.0,3.0,562.0,3.0,187.33270889097037,0.17633972507563056,0.2928931864037988
964,45.0,19.0,0.0,0.0,0.0,0.0,,0.0,0.0
965,45.0,20.0,0.0,0.0,0.0,0.0,,0.0,0.0
966,46.0,0.0,0.0,0.0,0.0,0.0,,0.0,0.0
967,46.0,1.0,-0.0,4.0,410.0,4.0,102.49974375064063,0.2659331535381527,0.292893163310878
968,46.0,2.0,-0.0,2.0,723.0,2.0,361.49819250903744,0.20726717975155606,0.2928931768301176
969,46.0,3.0,-0.0,3.0,841.0,3.0,280.3323988920037,0.3554174968870992,0.8231180644442893
970,46.0,4.0,-0.0,5.0,587.0,5.0,117.3997652004696,0.20858278893684967,0.2928932095733848
971,46.0,5.0,-0.0,7.0,621.0,7.0,88.71415897977289,0.20944382858343447,0.2928931860967928
972,46.0,6.0,0.0,0.0,0.0,0.0,,0.0,0.0
973,46.0,7.0,-0.0,5.0,427.0,5.0,85.3998292003416,0.10091955555656551,0.45257400717236407
974,46.0,8.0,-0.0,6.0,355.0,6.0,59.166568055719914,0.1240292032549164,0.4525704485753952
975,46.0,9.0,-0.0,8.0,484.0,8.0,60.49992437509454,0.23218437905861022,0.29289318502699724
976,46.0,10.0,-0.0,8.0,554.0,8.0,69.2499134376082,0.22747274451997157,0.29289318049624213
977,46.0,11.0,0.0,0.0,0.0,0.0,,0.0,0.0
978,46.0,12.0,0.0,0.0,0.0,0.0,,0.0,0.0
979,46.0,13.0,0.0,0.0,0.0,0.0,,0.0,0.0
980,46.0,14.0,-0.0,7.0,581.0,7.0,82.99988142874082,0.2095164275624396,0.2928931827323794
981,46.0,15.0,-0.0,7.0,603.0,7.0,86.14273408180846,0.21922951603020258,0.29289317936559356
982,46.0,16.0,-0.0,5.0,521.0,5.0,104.1997916004168,0.12811337980538673,0.4999999360416134
983,46.0,17.0,-0.0,4.0,486.0,4.0,121.49969625075938,0.1343709263092937,0.4999999650669886
984,46.0,18.0,-0.0,3.0,568.0,3.0,189.3327022243259,0.17209868947467077,0.2928932097933993
985,46.0,19.0,0.0,0.0,0.0,0.0,,0.0,0.0
986,46.0,20.0,0.0,0.0,0.0,0.0,,0.0,0.0
987,47.0,0.0,0.0,0.0,0.0,0.0,,0.0,0.0
988,47.0,1.0,-0.0,3.0,450.0,3.0,149.99950000166666,0.2669851462710079,0.2928931857908075
989,47.0,2.0,-0.0,3.0,584.0,3.0,194.66601777994072,0.20137216807989533,0.29289318061361236
990,47.0,3.0,-0.0,10.0,580.0,10.0,57.999942000058,0.342214340423578,0.7936516142091578
991,47.0,4.0,-0.0,7.0,598.0,7.0,85.42844938792945,0.2064878821409455,0.29289317605116594
992,47.0,5.0,-0.0,4.0,649.0,4.0,162.24959437601407,0.20921244998536515,0.29289318084266835
993,47.0,6.0,0.0,0.0,0.0,0.0,,0.0,0.0
994,47.0,7.0,-0.0,1.0,457.0,1.0,456.9954300456995,0.09968986271608071,0.4525744916227268
995,47.0,8.0,-0.0,5.0,462.0,5.0,92.3998152003696,0.12843993419127409,0.4525804936120559
996,47.0,9.0,-0.0,7.0,541.0,7.0,77.28560387770875,0.22670998994703273,0.29289319987170004
997,47.0,10.0,-0.0,9.0,537.0,9.0,59.66660037044404,0.22615359479865416,0.29289316416255273
998,47.0,11.0,0.0,0.0,0.0,0.0,,0.0,0.0
999,47.0,12.0,0.0,0.0,0.0,0.0,,0.0,0.0
1000,47.0,13.0,0.0,0.0,0.0,0.0,,0.0,0.0
1001,47.0,14.0,-0.0,9.0,552.0,9.0,61.333265185260906,0.20992815343212023,0.2928931911427345
1002,47.0,15.0,-0.0,7.0,613.0,7.0,87.57130346956647,0.21983323737030502,0.29289317099991774
1003,47.0,16.0,-0.0,4.0,505.0,4.0,126.24968437578907,0.1295167997896408,0.49999998352069
1004,47.0,17.0,-0.0,3.0,534.0,3.0,177.99940666864444,0.1311970390324778,0.49999998544097346
1005,47.0,18.0,-0.0,8.0,517.0,8.0,64.62491921885098,0.17735480257384695,0.29289321275949687
1006,47.0,19.0,0.0,0.0,0.0,0.0,,0.0,0.0
1007,47.0,20.0,0.0,0.0,0.0,0.0,,0.0,0.0
1008,48.0,0.0,0.0,0.0,0.0,0.0,,0.0,0.0
1009,48.0,1.0,-0.0,3.0,391.0,3.0,130.33289889033702,0.266400065752358,0.29289319767073396
1010,48.0,2.0,-0.0,7.0,577.0,7.0,82.42845367363762,0.20106299433910235,0.2928932149116955
1011,48.0,3.0,-0.0,8.0,568.0,8.0,70.99991125011094,0.33740122962242214,0.7936508299968421
1012,48.0,4.0,-0.0,4.0,587.0,4.0,146.7496331259172,0.20807765741148798,0.29289320624452475
1013,48.0,5.0,-0.0,9.0,644.0,9.0,71.55547604947105,0.2099301085072952,0.29289318877310744
1014,48.0,6.0,0.0,0.0,0.0,0.0,,0.0,0.0
1015,48.0,7.0,-0.0,6.0,486.0,6.0,80.999865000225,0.1089193858247991,0.4999999499539317
1016,48.0,8.0,-0.0,4.0,507.0,4.0,126.7496831257922,0.13705948952607105,0.49999994041816
1017,48.0,9.0,-0.0,6.0,568.0,6.0,94.66650888915186,0.22442184449411495,0.29289321540177404
1018,48.0,10.0,-0.0,6.0,536.0,6.0,89.33318444469259,0.22901609824010616,0.29289318004215115
1019,48.0,11.0,0.0,0.0,0.0,0.0,,0.0,0.0
1020,48.0,12.0,0.0,0.0,0.0,0.0,,0.0,0.0
1021,48.0,13.0,0.0,0.0,0.0,0.0,,0.0,0.0
1022,48.0,14.0,-0.0,5.0,605.0,5.0,120.99975800048401,0.20925022692381645,0.29289317535352344
1023,48.0,15.0,-0.0,6.0,586.0,6.0,97.6665038891602,0.21978373350731484,0.2928931730660519
1024,48.0,16.0,-0.0,5.0,535.0,5.0,106.999786000428,0.13036614245090894,0.4999999847197827
1025,48.0,17.0,-0.0,6.0,464.0,6.0,77.33320444465926,0.1280951653464707,0.49999998994628836
1026,48.0,18.0,-0.0,8.0,574.0,8.0,71.74991031261212,0.17636572726436694,0.29289318362717254
1027,48.0,19.0,0.0,0.0,0.0,0.0,,0.0,0.0
1028,48.0,20.0,0.0,0.0,0.0,0.0,,0.0,0.0
1029,49.0,0.0,0.0,0.0,0.0,0.0,,0.0,0.0
1030,49.0,1.0,-0.0,4.0,405.0,29320.0,101.24974687563282,0.26589926159468347,0.2928931843331515
1031,49.0,2.0,-0.0,7.0,531.0,56909.0,75.85703448995073,0.19986387658121552,0.29289317646230384
1032,49.0,3.0,-0.0,4.0,667.0,23366.0,166.7495831260422,0.3524795500247915,0.7936621079723196
1033,49.0,4.0,-0.0,5.0,581.0,50626.0,116.19976760046481,0.20880666472147513,0.2928931825432898
1034,49.0,5.0,-0.0,3.0,675.0,52380.0,224.9992500025,0.2104113027898037,0.2928931715695736
1035,49.0,6.0,0.0,0.0,0.0,0.0,,0.0,0.0
1036,49.0,7.0,-0.0,9.0,323.0,47791.0,35.88884901238999,0.10119434913902958,0.4525795567724352
1037,49.0,8.0,-0.0,2.0,431.0,47715.0,215.49892250538747,0.1263291647250091,0.45257067582342303
1038,49.0,9.0,-0.0,5.0,530.0,38241.0,105.999788000424,0.22450166518734427,0.2928931739677193
1039,49.0,10.0,-0.0,5.0,568.0,46580.0,113.5997728004544,0.22647871001129505,0.2928931748999538
1040,49.0,11.0,0.0,0.0,0.0,0.0,,0.0,0.0
1041,49.0,12.0,0.0,0.0,0.0,0.0,,0.0,0.0
1042,49.0,13.0,0.0,0.0,0.0,0.0,,0.0,0.0
1043,49.0,14.0,-0.0,4.0,602.0,52870.0,150.49962375094063,0.20804135830488846,0.29289317129207737
1044,49.0,15.0,-0.0,9.0,550.0,49172.0,61.111043209951994,0.21958770801907368,0.2928931936842478
1045,49.0,16.0,-0.0,5.0,458.0,57504.0,91.59981680036641,0.12458621634597677,0.4999999770284709
1046,49.0,17.0,-0.0,4.0,558.0,53223.0,139.4996512508719,0.13026249757851927,0.4999999891093523
1047,49.0,18.0,-0.0,9.0,516.0,65708.0,57.33326962970041,0.17747847922736915,0.2928931891427492
1048,49.0,19.0,0.0,0.0,0.0,0.0,,0.0,0.0
1049,49.0,20.0,0.0,0.0,0.0,0.0,,0.0,0.0
